route_path,file,layout_group,has_loading_state,has_error_state,dynamic
/,frontend-admin/app/page.tsx,(root),no,no,no
/admin,frontend-admin/app/admin/page.tsx,admin,no,no,no
/admin/[...slug],frontend-admin/app/admin/[...slug]/page.tsx,admin,no,no,yes
/admin/academy,frontend-admin/app/admin/academy/page.tsx,admin,no,no,no
/admin/academy/analytics,frontend-admin/app/admin/academy/analytics/page.tsx,admin,no,no,no
/admin/academy/bundles,frontend-admin/app/admin/academy/bundles/page.tsx,admin,no,no,no
/admin/academy/commerce,frontend-admin/app/admin/academy/commerce/page.tsx,admin,no,no,no
/admin/academy/content,frontend-admin/app/admin/academy/content/page.tsx,admin,no,no,no
/admin/academy/content-production,frontend-admin/app/admin/academy/content-production/page.tsx,admin,no,no,no
/admin/academy/credentials,frontend-admin/app/admin/academy/credentials/page.tsx,admin,no,no,no
/admin/academy/curriculum,frontend-admin/app/admin/academy/curriculum/page.tsx,admin,no,no,no
/admin/academy/edupay,frontend-admin/app/admin/academy/edupay/page.tsx,admin,no,no,no
/admin/academy/exams,frontend-admin/app/admin/academy/exams/page.tsx,admin,no,no,no
/admin/academy/fees/collections,frontend-admin/app/admin/academy/fees/collections/page.tsx,admin,no,no,no
/admin/academy/fees/competition,frontend-admin/app/admin/academy/fees/competition/page.tsx,admin,no,no,no
/admin/academy/fees/gov-export,frontend-admin/app/admin/academy/fees/gov-export/page.tsx,admin,no,no,no
/admin/academy/fees/hardship,frontend-admin/app/admin/academy/fees/hardship/page.tsx,admin,no,no,no
/admin/academy/fees/onboarding,frontend-admin/app/admin/academy/fees/onboarding/page.tsx,admin,no,no,no
/admin/academy/fees/promotion,frontend-admin/app/admin/academy/fees/promotion/page.tsx,admin,no,no,no
/admin/academy/fees/roles,frontend-admin/app/admin/academy/fees/roles/page.tsx,admin,no,no,no
/admin/academy/fees/setup-wizard,frontend-admin/app/admin/academy/fees/setup-wizard/page.tsx,admin,no,no,no
/admin/academy/film,frontend-admin/app/admin/academy/film/page.tsx,admin,no,no,no
/admin/academy/gamification,frontend-admin/app/admin/academy/gamification/page.tsx,admin,no,no,no
/admin/academy/live,frontend-admin/app/admin/academy/live/page.tsx,admin,no,no,no
/admin/academy/moderation,frontend-admin/app/admin/academy/moderation/page.tsx,admin,no,no,no
/admin/academy/notifications,frontend-admin/app/admin/academy/notifications/page.tsx,admin,no,no,no
/admin/academy/question-bank,frontend-admin/app/admin/academy/question-bank/page.tsx,admin,no,no,no
/admin/academy/rewards,frontend-admin/app/admin/academy/rewards/page.tsx,admin,no,no,no
/admin/academy/schools,frontend-admin/app/admin/academy/schools/page.tsx,admin,no,no,no
/admin/academy/sponsors,frontend-admin/app/admin/academy/sponsors/page.tsx,admin,no,no,no
/admin/academy/tutors,frontend-admin/app/admin/academy/tutors/page.tsx,admin,no,no,no
/admin/admins/new,frontend-admin/app/admin/admins/new/page.tsx,admin,no,no,no
/admin/analytics,frontend-admin/app/admin/analytics/page.tsx,admin,no,no,no
/admin/arena/config,frontend-admin/app/admin/arena/config/page.tsx,admin,no,no,no
/admin/arena/config/[id],frontend-admin/app/admin/arena/config/[id]/page.tsx,admin,no,no,yes
/admin/arena/credentials,frontend-admin/app/admin/arena/credentials/page.tsx,admin,no,no,no
/admin/arena/judge,frontend-admin/app/admin/arena/judge/page.tsx,admin,no,no,no
/admin/arena/lifecycle,frontend-admin/app/admin/arena/lifecycle/page.tsx,admin,no,no,no
/admin/arena/merit,frontend-admin/app/admin/arena/merit/page.tsx,admin,no,no,no
/admin/arena/pot,frontend-admin/app/admin/arena/pot/page.tsx,admin,no,no,no
/admin/arena/proctor,frontend-admin/app/admin/arena/proctor/page.tsx,admin,no,no,no
/admin/arena/questions,frontend-admin/app/admin/arena/questions/page.tsx,admin,no,no,no
/admin/arena/screening,frontend-admin/app/admin/arena/screening/page.tsx,admin,no,no,no
/admin/arena/sponsors,frontend-admin/app/admin/arena/sponsors/page.tsx,admin,no,no,no
/admin/association/approvals,frontend-admin/app/admin/association/approvals/page.tsx,admin,no,no,no
/admin/association/audit,frontend-admin/app/admin/association/audit/page.tsx,admin,no,no,no
/admin/association/content/announcements,frontend-admin/app/admin/association/content/announcements/page.tsx,admin,no,no,no
/admin/association/content/documents,frontend-admin/app/admin/association/content/documents/page.tsx,admin,no,no,no
/admin/association/content/events,frontend-admin/app/admin/association/content/events/page.tsx,admin,no,no,no
/admin/association/content/meetings,frontend-admin/app/admin/association/content/meetings/page.tsx,admin,no,no,no
/admin/association/content/tasks,frontend-admin/app/admin/association/content/tasks/page.tsx,admin,no,no,no
/admin/association/dashboard,frontend-admin/app/admin/association/dashboard/page.tsx,admin,no,no,no
/admin/association/dues,frontend-admin/app/admin/association/dues/page.tsx,admin,no,no,no
/admin/association/elections,frontend-admin/app/admin/association/elections/page.tsx,admin,no,no,no
/admin/association/elections/[id],frontend-admin/app/admin/association/elections/[id]/page.tsx,admin,no,no,yes
/admin/association/import,frontend-admin/app/admin/association/import/page.tsx,admin,no,no,no
/admin/association/members,frontend-admin/app/admin/association/members/page.tsx,admin,no,no,no
/admin/association/members/[id],frontend-admin/app/admin/association/members/[id]/page.tsx,admin,no,no,yes
/admin/association/organisations,frontend-admin/app/admin/association/organisations/page.tsx,admin,no,no,no
/admin/association/organisations/[id],frontend-admin/app/admin/association/organisations/[id]/page.tsx,admin,no,no,yes
/admin/association/organisations/[id]/settings,frontend-admin/app/admin/association/organisations/[id]/settings/page.tsx,admin,no,no,yes
/admin/audit-logs,frontend-admin/app/admin/audit-logs/page.tsx,admin,no,no,no
/admin/business,frontend-admin/app/admin/business/page.tsx,admin,no,no,no
/admin/chatbot,frontend-admin/app/admin/chatbot/page.tsx,admin,no,no,no
/admin/chatbot/[id],frontend-admin/app/admin/chatbot/[id]/page.tsx,admin,no,no,yes
/admin/commission,frontend-admin/app/admin/commission/page.tsx,admin,no,no,no
/admin/commission/profit,frontend-admin/app/admin/commission/profit/page.tsx,admin,no,no,no
/admin/competitions,frontend-admin/app/admin/competitions/page.tsx,admin,no,no,no
/admin/competitions/categories,frontend-admin/app/admin/competitions/categories/page.tsx,admin,no,no,no
/admin/competitions/create,frontend-admin/app/admin/competitions/create/page.tsx,admin,no,no,no
/admin/competitions/list,frontend-admin/app/admin/competitions/list/page.tsx,admin,no,no,no
/admin/competitions/open-mic,frontend-admin/app/admin/competitions/open-mic/page.tsx,admin,no,no,no
/admin/competitions/participants,frontend-admin/app/admin/competitions/participants/page.tsx,admin,no,no,no
/admin/competitions/results,frontend-admin/app/admin/competitions/results/page.tsx,admin,no,no,no
/admin/competitions/settings,frontend-admin/app/admin/competitions/settings/page.tsx,admin,no,no,no
/admin/competitions/vote-packages,frontend-admin/app/admin/competitions/vote-packages/page.tsx,admin,no,no,no
/admin/connect,frontend-admin/app/admin/connect/page.tsx,admin,no,no,no
/admin/connect/aml,frontend-admin/app/admin/connect/aml/page.tsx,admin,no,no,no
/admin/connect/aml/[id],frontend-admin/app/admin/connect/aml/[id]/page.tsx,admin,no,no,yes
/admin/connect/analytics,frontend-admin/app/admin/connect/analytics/page.tsx,admin,no,no,no
/admin/connect/assessments,frontend-admin/app/admin/connect/assessments/page.tsx,admin,no,no,no
/admin/connect/audit,frontend-admin/app/admin/connect/audit/page.tsx,admin,no,no,no
/admin/connect/bounties,frontend-admin/app/admin/connect/bounties/page.tsx,admin,no,no,no
/admin/connect/cases,frontend-admin/app/admin/connect/cases/page.tsx,admin,no,no,no
/admin/connect/catalog,frontend-admin/app/admin/connect/catalog/page.tsx,admin,no,no,no
/admin/connect/catalog/gifts,frontend-admin/app/admin/connect/catalog/gifts/page.tsx,admin,no,no,no
/admin/connect/comms,frontend-admin/app/admin/connect/comms/page.tsx,admin,no,no,no
/admin/connect/company-claims,frontend-admin/app/admin/connect/company-claims/page.tsx,admin,no,no,no
/admin/connect/config,frontend-admin/app/admin/connect/config/page.tsx,admin,no,no,no
/admin/connect/content,frontend-admin/app/admin/connect/content/page.tsx,admin,no,no,no
/admin/connect/dashboard,frontend-admin/app/admin/connect/dashboard/page.tsx,admin,no,no,no
/admin/connect/finance,frontend-admin/app/admin/connect/finance/page.tsx,admin,no,no,no
/admin/connect/gamification,frontend-admin/app/admin/connect/gamification/page.tsx,admin,no,no,no
/admin/connect/gamification/leaderboards,frontend-admin/app/admin/connect/gamification/leaderboards/page.tsx,admin,no,no,no
/admin/connect/gamification/missions,frontend-admin/app/admin/connect/gamification/missions/page.tsx,admin,no,no,no
/admin/connect/gamification/seasons,frontend-admin/app/admin/connect/gamification/seasons/page.tsx,admin,no,no,no
/admin/connect/geo,frontend-admin/app/admin/connect/geo/page.tsx,admin,no,no,no
/admin/connect/gifting,frontend-admin/app/admin/connect/gifting/page.tsx,admin,no,no,no
/admin/connect/identity,frontend-admin/app/admin/connect/identity/page.tsx,admin,no,no,no
/admin/connect/jobs,frontend-admin/app/admin/connect/jobs/page.tsx,admin,no,no,no
/admin/connect/loyalty-audit,frontend-admin/app/admin/connect/loyalty-audit/page.tsx,admin,no,no,no
/admin/connect/media-review,frontend-admin/app/admin/connect/media-review/page.tsx,admin,no,no,no
/admin/connect/mentorship,frontend-admin/app/admin/connect/mentorship/page.tsx,admin,no,no,no
/admin/connect/moderation,frontend-admin/app/admin/connect/moderation/page.tsx,admin,no,no,no
/admin/connect/moderation/[id],frontend-admin/app/admin/connect/moderation/[id]/page.tsx,admin,no,no,yes
/admin/connect/payouts,frontend-admin/app/admin/connect/payouts/page.tsx,admin,no,no,no
/admin/connect/rbac,frontend-admin/app/admin/connect/rbac/page.tsx,admin,no,no,no
/admin/connect/rbac/permissions,frontend-admin/app/admin/connect/rbac/permissions/page.tsx,admin,no,no,no
/admin/connect/rbac/roles,frontend-admin/app/admin/connect/rbac/roles/page.tsx,admin,no,no,no
/admin/connect/support,frontend-admin/app/admin/connect/support/page.tsx,admin,no,no,no
/admin/connect/support/[id],frontend-admin/app/admin/connect/support/[id]/page.tsx,admin,no,no,yes
/admin/connect/underage,frontend-admin/app/admin/connect/underage/page.tsx,admin,no,no,no
/admin/connect/users,frontend-admin/app/admin/connect/users/page.tsx,admin,no,no,no
/admin/connect/users/[id],frontend-admin/app/admin/connect/users/[id]/page.tsx,admin,no,no,yes
/admin/connect/voting,frontend-admin/app/admin/connect/voting/page.tsx,admin,no,no,no
/admin/connect/voting/[id],frontend-admin/app/admin/connect/voting/[id]/page.tsx,admin,no,no,yes
/admin/contests,frontend-admin/app/admin/contests/page.tsx,admin,no,no,no
/admin/creators/billing,frontend-admin/app/admin/creators/billing/page.tsx,admin,no,no,no
/admin/creators/dashboard,frontend-admin/app/admin/creators/dashboard/page.tsx,admin,no,no,no
/admin/creators/fees,frontend-admin/app/admin/creators/fees/page.tsx,admin,no,no,no
/admin/creators/fraud,frontend-admin/app/admin/creators/fraud/page.tsx,admin,no,no,no
/admin/creators/moderation,frontend-admin/app/admin/creators/moderation/page.tsx,admin,no,no,no
/admin/creators/payouts,frontend-admin/app/admin/creators/payouts/page.tsx,admin,no,no,no
/admin/creators/verification,frontend-admin/app/admin/creators/verification/page.tsx,admin,no,no,no
/admin/crowdfunding,frontend-admin/app/admin/crowdfunding/page.tsx,admin,no,no,no
/admin/crowdfunding/campaign,frontend-admin/app/admin/crowdfunding/campaign/page.tsx,admin,no,no,no
/admin/crowdfunding/campaigns,frontend-admin/app/admin/crowdfunding/campaigns/page.tsx,admin,no,no,no
/admin/crowdfunding/campaigns/[id],frontend-admin/app/admin/crowdfunding/campaigns/[id]/page.tsx,admin,no,no,yes
/admin/crowdfunding/compliance,frontend-admin/app/admin/crowdfunding/compliance/page.tsx,admin,no,no,no
/admin/crowdfunding/config,frontend-admin/app/admin/crowdfunding/config/page.tsx,admin,no,no,no
/admin/crowdfunding/featured,frontend-admin/app/admin/crowdfunding/featured/page.tsx,admin,no,no,no
/admin/crowdfunding/finance,frontend-admin/app/admin/crowdfunding/finance/page.tsx,admin,no,no,no
/admin/crowdfunding/fraud,frontend-admin/app/admin/crowdfunding/fraud/page.tsx,admin,no,no,no
/admin/crowdfunding/kyc,frontend-admin/app/admin/crowdfunding/kyc/page.tsx,admin,no,no,no
/admin/crowdfunding/review,frontend-admin/app/admin/crowdfunding/review/page.tsx,admin,no,no,no
/admin/crowdfunding/review/[id],frontend-admin/app/admin/crowdfunding/review/[id]/page.tsx,admin,no,no,yes
/admin/crowdfunding/support,frontend-admin/app/admin/crowdfunding/support/page.tsx,admin,no,no,no
/admin/crowdfunding/users,frontend-admin/app/admin/crowdfunding/users/page.tsx,admin,no,no,no
/admin/crowdfunding/withdrawals,frontend-admin/app/admin/crowdfunding/withdrawals/page.tsx,admin,no,no,no
/admin/crypto,frontend-admin/app/admin/crypto/page.tsx,admin,no,no,no
/admin/crypto/addresses,frontend-admin/app/admin/crypto/addresses/page.tsx,admin,no,no,no
/admin/crypto/assets,frontend-admin/app/admin/crypto/assets/page.tsx,admin,no,no,no
/admin/crypto/orders,frontend-admin/app/admin/crypto/orders/page.tsx,admin,no,no,no
/admin/crypto/reconciliation,frontend-admin/app/admin/crypto/reconciliation/page.tsx,admin,no,no,no
/admin/crypto/swaps,frontend-admin/app/admin/crypto/swaps/page.tsx,admin,no,no,no
/admin/crypto/withdrawals,frontend-admin/app/admin/crypto/withdrawals/page.tsx,admin,no,no,no
/admin/emerging-innovators,frontend-admin/app/admin/emerging-innovators/page.tsx,admin,no,no,no
/admin/emerging-projects,frontend-admin/app/admin/emerging-projects/page.tsx,admin,no,no,no
/admin/emerging-teams,frontend-admin/app/admin/emerging-teams/page.tsx,admin,no,no,no
/admin/estate,frontend-admin/app/admin/estate/page.tsx,admin,no,no,no
/admin/estate/content,frontend-admin/app/admin/estate/content/page.tsx,admin,no,no,no
/admin/estate/dues,frontend-admin/app/admin/estate/dues/page.tsx,admin,no,no,no
/admin/estate/dues-reconciliation,frontend-admin/app/admin/estate/dues-reconciliation/page.tsx,admin,no,no,no
/admin/estate/elections,frontend-admin/app/admin/estate/elections/page.tsx,admin,no,no,no
/admin/estate/facilities,frontend-admin/app/admin/estate/facilities/page.tsx,admin,no,no,no
/admin/estate/facilities/[id],frontend-admin/app/admin/estate/facilities/[id]/page.tsx,admin,no,no,yes
/admin/estate/gates,frontend-admin/app/admin/estate/gates/page.tsx,admin,no,no,no
/admin/estate/ops,frontend-admin/app/admin/estate/ops/page.tsx,admin,no,no,no
/admin/estate/properties,frontend-admin/app/admin/estate/properties/page.tsx,admin,no,no,no
/admin/estate/residents,frontend-admin/app/admin/estate/residents/page.tsx,admin,no,no,no
/admin/estate/security,frontend-admin/app/admin/estate/security/page.tsx,admin,no,no,no
/admin/estate/vendors,frontend-admin/app/admin/estate/vendors/page.tsx,admin,no,no,no
/admin/estate/visitor-logs,frontend-admin/app/admin/estate/visitor-logs/page.tsx,admin,no,no,no
/admin/events/approval,frontend-admin/app/admin/events/approval/page.tsx,admin,no,no,no
/admin/events/cashless,frontend-admin/app/admin/events/cashless/page.tsx,admin,no,no,no
/admin/events/dashboard,frontend-admin/app/admin/events/dashboard/page.tsx,admin,no,no,no
/admin/events/events,frontend-admin/app/admin/events/events/page.tsx,admin,no,no,no
/admin/events/events/[id],frontend-admin/app/admin/events/events/[id]/page.tsx,admin,no,no,yes
/admin/events/fraud,frontend-admin/app/admin/events/fraud/page.tsx,admin,no,no,no
/admin/events/settlement,frontend-admin/app/admin/events/settlement/page.tsx,admin,no,no,no
/admin/events/tickets,frontend-admin/app/admin/events/tickets/page.tsx,admin,no,no,no
/admin/events/vendors,frontend-admin/app/admin/events/vendors/page.tsx,admin,no,no,no
/admin/featured-placement,frontend-admin/app/admin/featured-placement/page.tsx,admin,no,no,no
/admin/featured-placement/[id],frontend-admin/app/admin/featured-placement/[id]/page.tsx,admin,no,no,yes
/admin/finance,frontend-admin/app/admin/finance/page.tsx,admin,no,no,no
/admin/finance/disputes,frontend-admin/app/admin/finance/disputes/page.tsx,admin,no,no,no
/admin/finance/kyc,frontend-admin/app/admin/finance/kyc/page.tsx,admin,no,no,no
/admin/finance/kyc-verify,frontend-admin/app/admin/finance/kyc-verify/page.tsx,admin,no,no,no
/admin/finance/kyc-verify/aml,frontend-admin/app/admin/finance/kyc-verify/aml/page.tsx,admin,no,no,no
/admin/finance/kyc-verify/audit,frontend-admin/app/admin/finance/kyc-verify/audit/page.tsx,admin,no,no,no
/admin/finance/kyc-verify/cases/[id],frontend-admin/app/admin/finance/kyc-verify/cases/[id]/page.tsx,admin,no,no,yes
/admin/finance/kyc-verify/events,frontend-admin/app/admin/finance/kyc-verify/events/page.tsx,admin,no,no,no
/admin/finance/kyc-verify/fraud,frontend-admin/app/admin/finance/kyc-verify/fraud/page.tsx,admin,no,no,no
/admin/finance/kyc-verify/profile,frontend-admin/app/admin/finance/kyc-verify/profile/page.tsx,admin,no,no,no
/admin/finance/kyc-verify/provider-health,frontend-admin/app/admin/finance/kyc-verify/provider-health/page.tsx,admin,no,no,no
/admin/finance/kyc-verify/routing,frontend-admin/app/admin/finance/kyc-verify/routing/page.tsx,admin,no,no,no
/admin/finance/kyc-verify/thresholds,frontend-admin/app/admin/finance/kyc-verify/thresholds/page.tsx,admin,no,no,no
/admin/finance/transactions,frontend-admin/app/admin/finance/transactions/page.tsx,admin,no,no,no
/admin/finance/transactions/[id],frontend-admin/app/admin/finance/transactions/[id]/page.tsx,admin,no,no,yes
/admin/finance/transfers,frontend-admin/app/admin/finance/transfers/page.tsx,admin,no,no,no
/admin/finance/transfers/[id],frontend-admin/app/admin/finance/transfers/[id]/page.tsx,admin,no,no,yes
/admin/finance/wallets,frontend-admin/app/admin/finance/wallets/page.tsx,admin,no,no,no
/admin/fractionalre,frontend-admin/app/admin/fractionalre/page.tsx,admin,no,no,no
/admin/fractionalre/assets,frontend-admin/app/admin/fractionalre/assets/page.tsx,admin,no,no,no
/admin/fractionalre/assets/[id],frontend-admin/app/admin/fractionalre/assets/[id]/page.tsx,admin,no,no,yes
/admin/fractionalre/assets/[id]/title,frontend-admin/app/admin/fractionalre/assets/[id]/title/page.tsx,admin,no,no,yes
/admin/fractionalre/assets/new,frontend-admin/app/admin/fractionalre/assets/new/page.tsx,admin,no,no,no
/admin/fractionalre/audit,frontend-admin/app/admin/fractionalre/audit/page.tsx,admin,no,no,no
/admin/fractionalre/cap-table,frontend-admin/app/admin/fractionalre/cap-table/page.tsx,admin,no,no,no
/admin/fractionalre/compliance,frontend-admin/app/admin/fractionalre/compliance/page.tsx,admin,no,no,no
/admin/fractionalre/distributions,frontend-admin/app/admin/fractionalre/distributions/page.tsx,admin,no,no,no
/admin/fractionalre/distributions/[id],frontend-admin/app/admin/fractionalre/distributions/[id]/page.tsx,admin,no,no,yes
/admin/fractionalre/documents,frontend-admin/app/admin/fractionalre/documents/page.tsx,admin,no,no,no
/admin/fractionalre/finance,frontend-admin/app/admin/fractionalre/finance/page.tsx,admin,no,no,no
/admin/fractionalre/investors,frontend-admin/app/admin/fractionalre/investors/page.tsx,admin,no,no,no
/admin/fractionalre/investors/[id],frontend-admin/app/admin/fractionalre/investors/[id]/page.tsx,admin,no,no,yes
/admin/fractionalre/market,frontend-admin/app/admin/fractionalre/market/page.tsx,admin,no,no,no
/admin/fractionalre/rounds,frontend-admin/app/admin/fractionalre/rounds/page.tsx,admin,no,no,no
/admin/fractionalre/rounds/[id],frontend-admin/app/admin/fractionalre/rounds/[id]/page.tsx,admin,no,no,yes
/admin/fractionalre/sponsors,frontend-admin/app/admin/fractionalre/sponsors/page.tsx,admin,no,no,no
/admin/fx,frontend-admin/app/admin/fx/page.tsx,admin,no,no,no
/admin/fx/analytics,frontend-admin/app/admin/fx/analytics/page.tsx,admin,no,no,no
/admin/fx/cards,frontend-admin/app/admin/fx/cards/page.tsx,admin,no,no,no
/admin/fx/collections,frontend-admin/app/admin/fx/collections/page.tsx,admin,no,no,no
/admin/fx/compliance,frontend-admin/app/admin/fx/compliance/page.tsx,admin,no,no,no
/admin/fx/customers,frontend-admin/app/admin/fx/customers/page.tsx,admin,no,no,no
/admin/fx/customers/[id],frontend-admin/app/admin/fx/customers/[id]/page.tsx,admin,no,no,yes
/admin/fx/providers,frontend-admin/app/admin/fx/providers/page.tsx,admin,no,no,no
/admin/fx/reconciliation,frontend-admin/app/admin/fx/reconciliation/page.tsx,admin,no,no,no
/admin/fx/routing,frontend-admin/app/admin/fx/routing/page.tsx,admin,no,no,no
/admin/fx/settings,frontend-admin/app/admin/fx/settings/page.tsx,admin,no,no,no
/admin/fx/spread,frontend-admin/app/admin/fx/spread/page.tsx,admin,no,no,no
/admin/fx/transactions,frontend-admin/app/admin/fx/transactions/page.tsx,admin,no,no,no
/admin/fx/transactions/[id],frontend-admin/app/admin/fx/transactions/[id]/page.tsx,admin,no,no,yes
/admin/fx/treasury,frontend-admin/app/admin/fx/treasury/page.tsx,admin,no,no,no
/admin/fx/webhooks,frontend-admin/app/admin/fx/webhooks/page.tsx,admin,no,no,no
/admin/groups,frontend-admin/app/admin/groups/page.tsx,admin,no,no,no
/admin/groups/dashboard,frontend-admin/app/admin/groups/dashboard/page.tsx,admin,no,no,no
/admin/groups/groups,frontend-admin/app/admin/groups/groups/page.tsx,admin,no,no,no
/admin/handoffs,frontend-admin/app/admin/handoffs/page.tsx,admin,no,no,no
/admin/health/doctor/verification,frontend-admin/app/admin/health/doctor/verification/page.tsx,admin,no,no,no
/admin/health/lab/catalog,frontend-admin/app/admin/health/lab/catalog/page.tsx,admin,no,no,no
/admin/health/lab/custody,frontend-admin/app/admin/health/lab/custody/page.tsx,admin,no,no,no
/admin/health/lab/dashboard,frontend-admin/app/admin/health/lab/dashboard/page.tsx,admin,no,no,no
/admin/health/lab/escalation,frontend-admin/app/admin/health/lab/escalation/page.tsx,admin,no,no,no
/admin/health/lab/mlscn-audit,frontend-admin/app/admin/health/lab/mlscn-audit/page.tsx,admin,no,no,no
/admin/health/lab/payouts,frontend-admin/app/admin/health/lab/payouts/page.tsx,admin,no,no,no
/admin/health/lab/phlebotomists,frontend-admin/app/admin/health/lab/phlebotomists/page.tsx,admin,no,no,no
/admin/health/lab/reporting,frontend-admin/app/admin/health/lab/reporting/page.tsx,admin,no,no,no
/admin/health/lab/results-audit,frontend-admin/app/admin/health/lab/results-audit/page.tsx,admin,no,no,no
/admin/health/pharmacy-reviews,frontend-admin/app/admin/health/pharmacy-reviews/page.tsx,admin,no,no,no
/admin/health/pharmacy/catalog,frontend-admin/app/admin/health/pharmacy/catalog/page.tsx,admin,no,no,no
/admin/health/pharmacy/dashboard,frontend-admin/app/admin/health/pharmacy/dashboard/page.tsx,admin,no,no,no
/admin/health/pharmacy/orders,frontend-admin/app/admin/health/pharmacy/orders/page.tsx,admin,no,no,no
/admin/health/pharmacy/payouts,frontend-admin/app/admin/health/pharmacy/payouts/page.tsx,admin,no,no,no
/admin/health/pharmacy/pcn-audit,frontend-admin/app/admin/health/pharmacy/pcn-audit/page.tsx,admin,no,no,no
/admin/health/pharmacy/recall,frontend-admin/app/admin/health/pharmacy/recall/page.tsx,admin,no,no,no
/admin/health/pharmacy/reporting,frontend-admin/app/admin/health/pharmacy/reporting/page.tsx,admin,no,no,no
/admin/health/pharmacy/rx-audit,frontend-admin/app/admin/health/pharmacy/rx-audit/page.tsx,admin,no,no,no
/admin/health/symptom-mappings,frontend-admin/app/admin/health/symptom-mappings/page.tsx,admin,no,no,no
/admin/health/triage,frontend-admin/app/admin/health/triage/page.tsx,admin,no,no,no
/admin/health/triage/content,frontend-admin/app/admin/health/triage/content/page.tsx,admin,no,no,no
/admin/health/triage/escalations,frontend-admin/app/admin/health/triage/escalations/page.tsx,admin,no,no,no
/admin/health/triage/red-flag-rules,frontend-admin/app/admin/health/triage/red-flag-rules/page.tsx,admin,no,no,no
/admin/health/triage/validation,frontend-admin/app/admin/health/triage/validation/page.tsx,admin,no,no,no
/admin/health/vet/appointments,frontend-admin/app/admin/health/vet/appointments/page.tsx,admin,no,no,no
/admin/health/vet/dashboard,frontend-admin/app/admin/health/vet/dashboard/page.tsx,admin,no,no,no
/admin/health/vet/eprescription-audit,frontend-admin/app/admin/health/vet/eprescription-audit/page.tsx,admin,no,no,no
/admin/health/vet/moderation,frontend-admin/app/admin/health/vet/moderation/page.tsx,admin,no,no,no
/admin/health/vet/payouts,frontend-admin/app/admin/health/vet/payouts/page.tsx,admin,no,no,no
/admin/health/vet/reporting,frontend-admin/app/admin/health/vet/reporting/page.tsx,admin,no,no,no
/admin/health/vet/services,frontend-admin/app/admin/health/vet/services/page.tsx,admin,no,no,no
/admin/health/vet/vcn-audit,frontend-admin/app/admin/health/vet/vcn-audit/page.tsx,admin,no,no,no
/admin/health/vet/verification,frontend-admin/app/admin/health/vet/verification/page.tsx,admin,no,no,no
/admin/insurance/catalog,frontend-admin/app/admin/insurance/catalog/page.tsx,admin,no,no,no
/admin/insurance/catalog/[code],frontend-admin/app/admin/insurance/catalog/[code]/page.tsx,admin,no,no,yes
/admin/insurance/catalog/new,frontend-admin/app/admin/insurance/catalog/new/page.tsx,admin,no,no,no
/admin/insurance/claims,frontend-admin/app/admin/insurance/claims/page.tsx,admin,no,no,no
/admin/insurance/claims/[id],frontend-admin/app/admin/insurance/claims/[id]/page.tsx,admin,no,no,yes
/admin/insurance/commission,frontend-admin/app/admin/insurance/commission/page.tsx,admin,no,no,no
/admin/insurance/consent-audit,frontend-admin/app/admin/insurance/consent-audit/page.tsx,admin,no,no,no
/admin/insurance/dashboard,frontend-admin/app/admin/insurance/dashboard/page.tsx,admin,no,no,no
/admin/insurance/policies,frontend-admin/app/admin/insurance/policies/page.tsx,admin,no,no,no
/admin/insurance/policies/[id],frontend-admin/app/admin/insurance/policies/[id]/page.tsx,admin,no,no,yes
/admin/insurance/premiums,frontend-admin/app/admin/insurance/premiums/page.tsx,admin,no,no,no
/admin/insurance/providers,frontend-admin/app/admin/insurance/providers/page.tsx,admin,no,no,no
/admin/insurance/providers/events,frontend-admin/app/admin/insurance/providers/events/page.tsx,admin,no,no,no
/admin/insurance/providers/webhooks,frontend-admin/app/admin/insurance/providers/webhooks/page.tsx,admin,no,no,no
/admin/insurance/reconciliation,frontend-admin/app/admin/insurance/reconciliation/page.tsx,admin,no,no,no
/admin/insurance/refunds,frontend-admin/app/admin/insurance/refunds/page.tsx,admin,no,no,no
/admin/insurance/reports,frontend-admin/app/admin/insurance/reports/page.tsx,admin,no,no,no
/admin/insurance/routing,frontend-admin/app/admin/insurance/routing/page.tsx,admin,no,no,no
/admin/insurance/schema,frontend-admin/app/admin/insurance/schema/page.tsx,admin,no,no,no
/admin/insurance/sweeps,frontend-admin/app/admin/insurance/sweeps/page.tsx,admin,no,no,no
/admin/intake,frontend-admin/app/admin/intake/page.tsx,admin,no,no,no
/admin/intake/access-log,frontend-admin/app/admin/intake/access-log/page.tsx,admin,no,no,no
/admin/intake/analytics,frontend-admin/app/admin/intake/analytics/page.tsx,admin,no,no,no
/admin/intake/config/[key],frontend-admin/app/admin/intake/config/[key]/page.tsx,admin,no,no,yes
/admin/intake/consent,frontend-admin/app/admin/intake/consent/page.tsx,admin,no,no,no
/admin/intake/form-builder,frontend-admin/app/admin/intake/form-builder/page.tsx,admin,no,no,no
/admin/intake/insights,frontend-admin/app/admin/intake/insights/page.tsx,admin,no,no,no
/admin/intake/monitoring,frontend-admin/app/admin/intake/monitoring/page.tsx,admin,no,no,no
/admin/intake/records,frontend-admin/app/admin/intake/records/page.tsx,admin,no,no,no
/admin/intake/records/[id],frontend-admin/app/admin/intake/records/[id]/page.tsx,admin,no,no,yes
/admin/intake/red-flag-queue,frontend-admin/app/admin/intake/red-flag-queue/page.tsx,admin,no,no,no
/admin/intake/rules,frontend-admin/app/admin/intake/rules/page.tsx,admin,no,no,no
/admin/intake/vocab,frontend-admin/app/admin/intake/vocab/page.tsx,admin,no,no,no
/admin/invest,frontend-admin/app/admin/invest/page.tsx,admin,no,no,no
/admin/invest/assets,frontend-admin/app/admin/invest/assets/page.tsx,admin,no,no,no
/admin/invest/audit,frontend-admin/app/admin/invest/audit/page.tsx,admin,no,no,no
/admin/invest/corporate-actions,frontend-admin/app/admin/invest/corporate-actions/page.tsx,admin,no,no,no
/admin/invest/fees,frontend-admin/app/admin/invest/fees/page.tsx,admin,no,no,no
/admin/invest/orders,frontend-admin/app/admin/invest/orders/page.tsx,admin,no,no,no
/admin/invest/providers,frontend-admin/app/admin/invest/providers/page.tsx,admin,no,no,no
/admin/invest/reconciliation,frontend-admin/app/admin/invest/reconciliation/page.tsx,admin,no,no,no
/admin/invest/settlement,frontend-admin/app/admin/invest/settlement/page.tsx,admin,no,no,no
/admin/judges-scores,frontend-admin/app/admin/judges-scores/page.tsx,admin,no,no,no
/admin/leads,frontend-admin/app/admin/leads/page.tsx,admin,no,no,no
/admin/learn,frontend-admin/app/admin/learn/page.tsx,admin,no,no,no
/admin/login,frontend-admin/app/admin/login/page.tsx,admin,no,no,no
/admin/login-activity,frontend-admin/app/admin/login-activity/page.tsx,admin,no,no,no
/admin/loyalty-black/dashboard,frontend-admin/app/admin/loyalty-black/dashboard/page.tsx,admin,no,no,no
/admin/loyalty-black/partners,frontend-admin/app/admin/loyalty-black/partners/page.tsx,admin,no,no,no
/admin/loyalty-black/perks,frontend-admin/app/admin/loyalty-black/perks/page.tsx,admin,no,no,no
/admin/loyalty-black/settlement,frontend-admin/app/admin/loyalty-black/settlement/page.tsx,admin,no,no,no
/admin/loyalty/catalog,frontend-admin/app/admin/loyalty/catalog/page.tsx,admin,no,no,no
/admin/loyalty/dashboard,frontend-admin/app/admin/loyalty/dashboard/page.tsx,admin,no,no,no
/admin/loyalty/earn-rules,frontend-admin/app/admin/loyalty/earn-rules/page.tsx,admin,no,no,no
/admin/loyalty/liability,frontend-admin/app/admin/loyalty/liability/page.tsx,admin,no,no,no
/admin/loyalty/redemptions,frontend-admin/app/admin/loyalty/redemptions/page.tsx,admin,no,no,no
/admin/loyalty/tiers,frontend-admin/app/admin/loyalty/tiers/page.tsx,admin,no,no,no
/admin/maps,frontend-admin/app/admin/maps/page.tsx,admin,no,no,no
/admin/maps/contributions,frontend-admin/app/admin/maps/contributions/page.tsx,admin,no,no,no
/admin/marketplace,frontend-admin/app/admin/marketplace/page.tsx,admin,no,no,no
/admin/marketplace/analytics,frontend-admin/app/admin/marketplace/analytics/page.tsx,admin,no,no,no
/admin/marketplace/appeals,frontend-admin/app/admin/marketplace/appeals/page.tsx,admin,no,no,no
/admin/marketplace/appeals/[id],frontend-admin/app/admin/marketplace/appeals/[id]/page.tsx,admin,no,no,yes
/admin/marketplace/audit-log,frontend-admin/app/admin/marketplace/audit-log/page.tsx,admin,no,no,no
/admin/marketplace/boosts,frontend-admin/app/admin/marketplace/boosts/page.tsx,admin,no,no,no
/admin/marketplace/cms,frontend-admin/app/admin/marketplace/cms/page.tsx,admin,no,no,no
/admin/marketplace/flags,frontend-admin/app/admin/marketplace/flags/page.tsx,admin,no,no,no
/admin/marketplace/fraud,frontend-admin/app/admin/marketplace/fraud/page.tsx,admin,no,no,no
/admin/marketplace/moderation,frontend-admin/app/admin/marketplace/moderation/page.tsx,admin,no,no,no
/admin/marketplace/moderation/[id],frontend-admin/app/admin/marketplace/moderation/[id]/page.tsx,admin,no,no,yes
/admin/marketplace/pricing,frontend-admin/app/admin/marketplace/pricing/page.tsx,admin,no,no,no
/admin/marketplace/taxonomy,frontend-admin/app/admin/marketplace/taxonomy/page.tsx,admin,no,no,no
/admin/marketplace/taxonomy/[id],frontend-admin/app/admin/marketplace/taxonomy/[id]/page.tsx,admin,no,no,yes
/admin/marketplace/users,frontend-admin/app/admin/marketplace/users/page.tsx,admin,no,no,no
/admin/marketplace/users/[id],frontend-admin/app/admin/marketplace/users/[id]/page.tsx,admin,no,no,yes
/admin/merchant-onboarding,frontend-admin/app/admin/merchant-onboarding/page.tsx,admin,no,no,no
/admin/merchant-onboarding/[id],frontend-admin/app/admin/merchant-onboarding/[id]/page.tsx,admin,no,no,yes
/admin/mobility,frontend-admin/app/admin/mobility/page.tsx,admin,no,no,no
/admin/mobility/bus,frontend-admin/app/admin/mobility/bus/page.tsx,admin,no,no,no
/admin/mobility/business,frontend-admin/app/admin/mobility/business/page.tsx,admin,no,no,no
/admin/mobility/car-hire,frontend-admin/app/admin/mobility/car-hire/page.tsx,admin,no,no,no
/admin/mobility/dispatch,frontend-admin/app/admin/mobility/dispatch/page.tsx,admin,no,no,no
/admin/mobility/drivers,frontend-admin/app/admin/mobility/drivers/page.tsx,admin,no,no,no
/admin/mobility/drivers/[id],frontend-admin/app/admin/mobility/drivers/[id]/page.tsx,admin,no,no,yes
/admin/mobility/events,frontend-admin/app/admin/mobility/events/page.tsx,admin,no,no,no
/admin/mobility/movers,frontend-admin/app/admin/mobility/movers/page.tsx,admin,no,no,no
/admin/mobility/parcels,frontend-admin/app/admin/mobility/parcels/page.tsx,admin,no,no,no
/admin/mobility/pricing,frontend-admin/app/admin/mobility/pricing/page.tsx,admin,no,no,no
/admin/mobility/reports,frontend-admin/app/admin/mobility/reports/page.tsx,admin,no,no,no
/admin/mobility/safety,frontend-admin/app/admin/mobility/safety/page.tsx,admin,no,no,no
/admin/mobility/scheduled,frontend-admin/app/admin/mobility/scheduled/page.tsx,admin,no,no,no
/admin/mobility/scheduled/[id],frontend-admin/app/admin/mobility/scheduled/[id]/page.tsx,admin,no,no,yes
/admin/mobility/towing,frontend-admin/app/admin/mobility/towing/page.tsx,admin,no,no,no
/admin/mobility/vehicles,frontend-admin/app/admin/mobility/vehicles/page.tsx,admin,no,no,no
/admin/modules,frontend-admin/app/admin/modules/page.tsx,admin,no,no,no
/admin/modules/facilities-rbac,frontend-admin/app/admin/modules/facilities-rbac/page.tsx,admin,no,no,no
/admin/modules/grants,frontend-admin/app/admin/modules/grants/page.tsx,admin,no,no,no
/admin/modules/privileges,frontend-admin/app/admin/modules/privileges/page.tsx,admin,no,no,no
/admin/nutrition,frontend-admin/app/admin/nutrition/page.tsx,admin,no,no,no
/admin/nutrition/[id],frontend-admin/app/admin/nutrition/[id]/page.tsx,admin,no,no,yes
/admin/nutrition/consults,frontend-admin/app/admin/nutrition/consults/page.tsx,admin,no,no,no
/admin/nutrition/payouts,frontend-admin/app/admin/nutrition/payouts/page.tsx,admin,no,no,no
/admin/open-mic,frontend-admin/app/admin/open-mic/page.tsx,admin,no,no,no
/admin/open-mic/[id],frontend-admin/app/admin/open-mic/[id]/page.tsx,admin,no,no,yes
/admin/open-mic/new,frontend-admin/app/admin/open-mic/new/page.tsx,admin,no,no,no
/admin/p2pmarket/dashboard,frontend-admin/app/admin/p2pmarket/dashboard/page.tsx,admin,no,no,no
/admin/p2pmarket/disputes,frontend-admin/app/admin/p2pmarket/disputes/page.tsx,admin,no,no,no
/admin/p2pmarket/listings,frontend-admin/app/admin/p2pmarket/listings/page.tsx,admin,no,no,no
/admin/p2pmarket/orders,frontend-admin/app/admin/p2pmarket/orders/page.tsx,admin,no,no,no
/admin/payments-finance,frontend-admin/app/admin/payments-finance/page.tsx,admin,no,no,no
/admin/payments-finance/adjustments,frontend-admin/app/admin/payments-finance/adjustments/page.tsx,admin,no,no,no
/admin/permissions,frontend-admin/app/admin/permissions/page.tsx,admin,no,no,no
/admin/permissions-matrix,frontend-admin/app/admin/permissions-matrix/page.tsx,admin,no,no,no
/admin/platform/edtech,frontend-admin/app/admin/platform/edtech/page.tsx,admin,no,no,no
/admin/platform/edtech/audit-log,frontend-admin/app/admin/platform/edtech/audit-log/page.tsx,admin,no,no,no
/admin/platform/edtech/collections,frontend-admin/app/admin/platform/edtech/collections/page.tsx,admin,no,no,no
/admin/platform/edtech/competitions,frontend-admin/app/admin/platform/edtech/competitions/page.tsx,admin,no,no,no
/admin/platform/edtech/compliance,frontend-admin/app/admin/platform/edtech/compliance/page.tsx,admin,no,no,no
/admin/platform/edtech/flags,frontend-admin/app/admin/platform/edtech/flags/page.tsx,admin,no,no,no
/admin/platform/edtech/fraud,frontend-admin/app/admin/platform/edtech/fraud/page.tsx,admin,no,no,no
/admin/platform/edtech/gov-sync,frontend-admin/app/admin/platform/edtech/gov-sync/page.tsx,admin,no,no,no
/admin/platform/edtech/scholarships,frontend-admin/app/admin/platform/edtech/scholarships/page.tsx,admin,no,no,no
/admin/platform/edtech/support,frontend-admin/app/admin/platform/edtech/support/page.tsx,admin,no,no,no
/admin/platform/edtech/trust-scores,frontend-admin/app/admin/platform/edtech/trust-scores/page.tsx,admin,no,no,no
/admin/platform/edtech/verification,frontend-admin/app/admin/platform/edtech/verification/page.tsx,admin,no,no,no
/admin/points/balances,frontend-admin/app/admin/points/balances/page.tsx,admin,no,no,no
/admin/points/dashboard,frontend-admin/app/admin/points/dashboard/page.tsx,admin,no,no,no
/admin/points/ledger,frontend-admin/app/admin/points/ledger/page.tsx,admin,no,no,no
/admin/property,frontend-admin/app/admin/property/page.tsx,admin,no,no,no
/admin/rbac-settings,frontend-admin/app/admin/rbac-settings/page.tsx,admin,no,no,no
/admin/reality-tv/dashboard,frontend-admin/app/admin/reality-tv/dashboard/page.tsx,admin,no,no,no
/admin/realtor,frontend-admin/app/admin/realtor/page.tsx,admin,no,no,no
/admin/realtor/moderation,frontend-admin/app/admin/realtor/moderation/page.tsx,admin,no,no,no
/admin/realtor/payments,frontend-admin/app/admin/realtor/payments/page.tsx,admin,no,no,no
/admin/realtor/verification,frontend-admin/app/admin/realtor/verification/page.tsx,admin,no,no,no
/admin/referral,frontend-admin/app/admin/referral/page.tsx,admin,no,no,no
/admin/referral-rewards,frontend-admin/app/admin/referral-rewards/page.tsx,admin,no,no,no
/admin/referral-rewards/analytics,frontend-admin/app/admin/referral-rewards/analytics/page.tsx,admin,no,no,no
/admin/referral-rewards/case,frontend-admin/app/admin/referral-rewards/case/page.tsx,admin,no,no,no
/admin/referral-rewards/config,frontend-admin/app/admin/referral-rewards/config/page.tsx,admin,no,no,no
/admin/referral-rewards/fraud,frontend-admin/app/admin/referral-rewards/fraud/page.tsx,admin,no,no,no
/admin/referral-rewards/ledger,frontend-admin/app/admin/referral-rewards/ledger/page.tsx,admin,no,no,no
/admin/referral-rewards/milestones,frontend-admin/app/admin/referral-rewards/milestones/page.tsx,admin,no,no,no
/admin/referral-rewards/module-status,frontend-admin/app/admin/referral-rewards/module-status/page.tsx,admin,no,no,no
/admin/referral/ambassadors,frontend-admin/app/admin/referral/ambassadors/page.tsx,admin,no,no,no
/admin/referral/ambassadors/applications,frontend-admin/app/admin/referral/ambassadors/applications/page.tsx,admin,no,no,no
/admin/referral/ambassadors/networks,frontend-admin/app/admin/referral/ambassadors/networks/page.tsx,admin,no,no,no
/admin/referral/ambassadors/override-policy,frontend-admin/app/admin/referral/ambassadors/override-policy/page.tsx,admin,no,no,no
/admin/referral/ambassadors/queue,frontend-admin/app/admin/referral/ambassadors/queue/page.tsx,admin,no,no,no
/admin/referral/analytics,frontend-admin/app/admin/referral/analytics/page.tsx,admin,no,no,no
/admin/referral/analytics/funnel,frontend-admin/app/admin/referral/analytics/funnel/page.tsx,admin,no,no,no
/admin/referral/analytics/segmentation,frontend-admin/app/admin/referral/analytics/segmentation/page.tsx,admin,no,no,no
/admin/referral/attribution,frontend-admin/app/admin/referral/attribution/page.tsx,admin,no,no,no
/admin/referral/attribution/reassignments,frontend-admin/app/admin/referral/attribution/reassignments/page.tsx,admin,no,no,no
/admin/referral/campaigns,frontend-admin/app/admin/referral/campaigns/page.tsx,admin,no,no,no
/admin/referral/campaigns/[id],frontend-admin/app/admin/referral/campaigns/[id]/page.tsx,admin,no,no,yes
/admin/referral/campaigns/new,frontend-admin/app/admin/referral/campaigns/new/page.tsx,admin,no,no,no
/admin/referral/compliance,frontend-admin/app/admin/referral/compliance/page.tsx,admin,no,no,no
/admin/referral/compliance/consent,frontend-admin/app/admin/referral/compliance/consent/page.tsx,admin,no,no,no
/admin/referral/compliance/disclosures,frontend-admin/app/admin/referral/compliance/disclosures/page.tsx,admin,no,no,no
/admin/referral/config,frontend-admin/app/admin/referral/config/page.tsx,admin,no,no,no
/admin/referral/dashboard,frontend-admin/app/admin/referral/dashboard/page.tsx,admin,no,no,no
/admin/referral/finance,frontend-admin/app/admin/referral/finance/page.tsx,admin,no,no,no
/admin/referral/finance/budget,frontend-admin/app/admin/referral/finance/budget/page.tsx,admin,no,no,no
/admin/referral/finance/float,frontend-admin/app/admin/referral/finance/float/page.tsx,admin,no,no,no
/admin/referral/finance/reconciliation,frontend-admin/app/admin/referral/finance/reconciliation/page.tsx,admin,no,no,no
/admin/referral/gamification,frontend-admin/app/admin/referral/gamification/page.tsx,admin,no,no,no
/admin/referral/gamification/leaderboards,frontend-admin/app/admin/referral/gamification/leaderboards/page.tsx,admin,no,no,no
/admin/referral/gamification/missions,frontend-admin/app/admin/referral/gamification/missions/page.tsx,admin,no,no,no
/admin/referral/gamification/ranks,frontend-admin/app/admin/referral/gamification/ranks/page.tsx,admin,no,no,no
/admin/referral/house,frontend-admin/app/admin/referral/house/page.tsx,admin,no,no,no
/admin/referral/merchants,frontend-admin/app/admin/referral/merchants/page.tsx,admin,no,no,no
/admin/referral/merchants/[id],frontend-admin/app/admin/referral/merchants/[id]/page.tsx,admin,no,no,yes
/admin/referral/rewards,frontend-admin/app/admin/referral/rewards/page.tsx,admin,no,no,no
/admin/referral/rewards/[id],frontend-admin/app/admin/referral/rewards/[id]/page.tsx,admin,no,no,yes
/admin/referral/risk,frontend-admin/app/admin/referral/risk/page.tsx,admin,no,no,no
/admin/referral/risk/blocklist,frontend-admin/app/admin/referral/risk/blocklist/page.tsx,admin,no,no,no
/admin/referral/risk/cases/[id],frontend-admin/app/admin/referral/risk/cases/[id]/page.tsx,admin,no,no,yes
/admin/referral/risk/clawbacks,frontend-admin/app/admin/referral/risk/clawbacks/page.tsx,admin,no,no,no
/admin/referral/risk/review-queue,frontend-admin/app/admin/referral/risk/review-queue/page.tsx,admin,no,no,no
/admin/referral/risk/rules,frontend-admin/app/admin/referral/risk/rules/page.tsx,admin,no,no,no
/admin/referral/users,frontend-admin/app/admin/referral/users/page.tsx,admin,no,no,no
/admin/referral/users/[id],frontend-admin/app/admin/referral/users/[id]/page.tsx,admin,no,no,yes
/admin/referral/vote-rewards,frontend-admin/app/admin/referral/vote-rewards/page.tsx,admin,no,no,no
/admin/registration,frontend-admin/app/admin/registration/page.tsx,admin,no,no,no
/admin/restaurant,frontend-admin/app/admin/restaurant/page.tsx,admin,no,no,no
/admin/restaurant/[id],frontend-admin/app/admin/restaurant/[id]/page.tsx,admin,no,no,yes
/admin/restaurant/delivery-fee,frontend-admin/app/admin/restaurant/delivery-fee/page.tsx,admin,no,no,no
/admin/restaurant/dispatch,frontend-admin/app/admin/restaurant/dispatch/page.tsx,admin,no,no,no
/admin/restaurant/disputes,frontend-admin/app/admin/restaurant/disputes/page.tsx,admin,no,no,no
/admin/restaurant/moderation,frontend-admin/app/admin/restaurant/moderation/page.tsx,admin,no,no,no
/admin/restaurant/onboarding,frontend-admin/app/admin/restaurant/onboarding/page.tsx,admin,no,no,no
/admin/restaurant/payouts,frontend-admin/app/admin/restaurant/payouts/page.tsx,admin,no,no,no
/admin/restaurant/unclaimed,frontend-admin/app/admin/restaurant/unclaimed/page.tsx,admin,no,no,no
/admin/restaurant/withdrawals,frontend-admin/app/admin/restaurant/withdrawals/page.tsx,admin,no,no,no
/admin/roles,frontend-admin/app/admin/roles/page.tsx,admin,no,no,no
/admin/savings/ajo,frontend-admin/app/admin/savings/ajo/page.tsx,admin,no,no,no
/admin/savings/ajo/[id],frontend-admin/app/admin/savings/ajo/[id]/page.tsx,admin,no,no,yes
/admin/savings/dashboard,frontend-admin/app/admin/savings/dashboard/page.tsx,admin,no,no,no
/admin/savings/defaults,frontend-admin/app/admin/savings/defaults/page.tsx,admin,no,no,no
/admin/savings/float-recon,frontend-admin/app/admin/savings/float-recon/page.tsx,admin,no,no,no
/admin/savings/vaults,frontend-admin/app/admin/savings/vaults/page.tsx,admin,no,no,no
/admin/school-profiles,frontend-admin/app/admin/school-profiles/page.tsx,admin,no,no,no
/admin/school-teams,frontend-admin/app/admin/school-teams/page.tsx,admin,no,no,no
/admin/schools,frontend-admin/app/admin/schools/page.tsx,admin,no,no,no
/admin/schools/[id],frontend-admin/app/admin/schools/[id]/page.tsx,admin,no,no,yes
/admin/security-events,frontend-admin/app/admin/security-events/page.tsx,admin,no,no,no
/admin/sme-pitch,frontend-admin/app/admin/sme-pitch/page.tsx,admin,no,no,no
/admin/sme-pitch/[slug],frontend-admin/app/admin/sme-pitch/[slug]/page.tsx,admin,no,no,yes
/admin/social-escrow/dashboard,frontend-admin/app/admin/social-escrow/dashboard/page.tsx,admin,no,no,no
/admin/social-escrow/disputes,frontend-admin/app/admin/social-escrow/disputes/page.tsx,admin,no,no,no
/admin/social-escrow/disputes/[id],frontend-admin/app/admin/social-escrow/disputes/[id]/page.tsx,admin,no,no,yes
/admin/social-escrow/fraud,frontend-admin/app/admin/social-escrow/fraud/page.tsx,admin,no,no,no
/admin/social/cashtags,frontend-admin/app/admin/social/cashtags/page.tsx,admin,no,no,no
/admin/social/dashboard,frontend-admin/app/admin/social/dashboard/page.tsx,admin,no,no,no
/admin/social/disputes,frontend-admin/app/admin/social/disputes/page.tsx,admin,no,no,no
/admin/social/limits,frontend-admin/app/admin/social/limits/page.tsx,admin,no,no,no
/admin/social/reversals,frontend-admin/app/admin/social/reversals/page.tsx,admin,no,no,no
/admin/spotlight,frontend-admin/app/admin/spotlight/page.tsx,admin,no,no,no
/admin/spray/dashboard,frontend-admin/app/admin/spray/dashboard/page.tsx,admin,no,no,no
/admin/spray/events,frontend-admin/app/admin/spray/events/page.tsx,admin,no,no,no
/admin/spray/payouts,frontend-admin/app/admin/spray/payouts/page.tsx,admin,no,no,no
/admin/stages-evictions,frontend-admin/app/admin/stages-evictions/page.tsx,admin,no,no,no
/admin/stages-evictions/[id],frontend-admin/app/admin/stages-evictions/[id]/page.tsx,admin,no,no,yes
/admin/stays/agents,frontend-admin/app/admin/stays/agents/page.tsx,admin,no,no,no
/admin/stays/audit,frontend-admin/app/admin/stays/audit/page.tsx,admin,no,no,no
/admin/stays/breaks,frontend-admin/app/admin/stays/breaks/page.tsx,admin,no,no,no
/admin/stays/cms,frontend-admin/app/admin/stays/cms/page.tsx,admin,no,no,no
/admin/stays/commission,frontend-admin/app/admin/stays/commission/page.tsx,admin,no,no,no
/admin/stays/config,frontend-admin/app/admin/stays/config/page.tsx,admin,no,no,no
/admin/stays/content-qa,frontend-admin/app/admin/stays/content-qa/page.tsx,admin,no,no,no
/admin/stays/dashboard,frontend-admin/app/admin/stays/dashboard/page.tsx,admin,no,no,no
/admin/stays/fraud,frontend-admin/app/admin/stays/fraud/page.tsx,admin,no,no,no
/admin/stays/fx,frontend-admin/app/admin/stays/fx/page.tsx,admin,no,no,no
/admin/stays/kyc,frontend-admin/app/admin/stays/kyc/page.tsx,admin,no,no,no
/admin/stays/loyalty,frontend-admin/app/admin/stays/loyalty/page.tsx,admin,no,no,no
/admin/stays/manual-actions,frontend-admin/app/admin/stays/manual-actions/page.tsx,admin,no,no,no
/admin/stays/mapping,frontend-admin/app/admin/stays/mapping/page.tsx,admin,no,no,no
/admin/stays/markup-rules,frontend-admin/app/admin/stays/markup-rules/page.tsx,admin,no,no,no
/admin/stays/merchandising,frontend-admin/app/admin/stays/merchandising/page.tsx,admin,no,no,no
/admin/stays/moderation,frontend-admin/app/admin/stays/moderation/page.tsx,admin,no,no,no
/admin/stays/overbooking,frontend-admin/app/admin/stays/overbooking/page.tsx,admin,no,no,no
/admin/stays/payouts,frontend-admin/app/admin/stays/payouts/page.tsx,admin,no,no,no
/admin/stays/promotions,frontend-admin/app/admin/stays/promotions/page.tsx,admin,no,no,no
/admin/stays/rbac,frontend-admin/app/admin/stays/rbac/page.tsx,admin,no,no,no
/admin/stays/reconciliation,frontend-admin/app/admin/stays/reconciliation/page.tsx,admin,no,no,no
/admin/stays/refunds,frontend-admin/app/admin/stays/refunds/page.tsx,admin,no,no,no
/admin/stays/reliability,frontend-admin/app/admin/stays/reliability/page.tsx,admin,no,no,no
/admin/stays/reservations,frontend-admin/app/admin/stays/reservations/page.tsx,admin,no,no,no
/admin/stays/reservations/[id],frontend-admin/app/admin/stays/reservations/[id]/page.tsx,admin,no,no,yes
/admin/stays/reviews,frontend-admin/app/admin/stays/reviews/page.tsx,admin,no,no,no
/admin/stays/suppliers,frontend-admin/app/admin/stays/suppliers/page.tsx,admin,no,no,no
/admin/stays/templates,frontend-admin/app/admin/stays/templates/page.tsx,admin,no,no,no
/admin/stem/bootcamp,frontend-admin/app/admin/stem/bootcamp/page.tsx,admin,no,no,no
/admin/stem/contests,frontend-admin/app/admin/stem/contests/page.tsx,admin,no,no,no
/admin/stem/judging,frontend-admin/app/admin/stem/judging/page.tsx,admin,no,no,no
/admin/stem/leaderboard,frontend-admin/app/admin/stem/leaderboard/page.tsx,admin,no,no,no
/admin/stem/overview,frontend-admin/app/admin/stem/overview/page.tsx,admin,no,no,no
/admin/stem/reports,frontend-admin/app/admin/stem/reports/page.tsx,admin,no,no,no
/admin/stem/rubrics,frontend-admin/app/admin/stem/rubrics/page.tsx,admin,no,no,no
/admin/stem/sponsors-awards,frontend-admin/app/admin/stem/sponsors-awards/page.tsx,admin,no,no,no
/admin/stem/submissions,frontend-admin/app/admin/stem/submissions/page.tsx,admin,no,no,no
/admin/stem/voting,frontend-admin/app/admin/stem/voting/page.tsx,admin,no,no,no
/admin/telemedicine/clinicians,frontend-admin/app/admin/telemedicine/clinicians/page.tsx,admin,no,no,no
/admin/telemedicine/consultations,frontend-admin/app/admin/telemedicine/consultations/page.tsx,admin,no,no,no
/admin/telemedicine/dashboard,frontend-admin/app/admin/telemedicine/dashboard/page.tsx,admin,no,no,no
/admin/trading/bypass,frontend-admin/app/admin/trading/bypass/page.tsx,admin,no,no,no
/admin/trading/kyc,frontend-admin/app/admin/trading/kyc/page.tsx,admin,no,no,no
/admin/trading/kyc/[id],frontend-admin/app/admin/trading/kyc/[id]/page.tsx,admin,no,no,yes
/admin/trading/promotions,frontend-admin/app/admin/trading/promotions/page.tsx,admin,no,no,no
/admin/unauthorized,frontend-admin/app/admin/unauthorized/page.tsx,admin,no,no,no
/admin/users,frontend-admin/app/admin/users/page.tsx,admin,no,no,no
/admin/vendors,frontend-admin/app/admin/vendors/page.tsx,admin,no,no,no
/admin/vendors/onboarding,frontend-admin/app/admin/vendors/onboarding/page.tsx,admin,no,no,no
/admin/vendors/payouts,frontend-admin/app/admin/vendors/payouts/page.tsx,admin,no,no,no
/admin/voting/approvals,frontend-admin/app/admin/voting/approvals/page.tsx,admin,no,no,no
/admin/voting/audit-log,frontend-admin/app/admin/voting/audit-log/page.tsx,admin,no,no,no
/admin/voting/contestant/[id],frontend-admin/app/admin/voting/contestant/[id]/page.tsx,admin,no,no,yes
/admin/voting/packages,frontend-admin/app/admin/voting/packages/page.tsx,admin,no,no,no
/admin/voting/prizes,frontend-admin/app/admin/voting/prizes/page.tsx,admin,no,no,no
/admin/voting/results,frontend-admin/app/admin/voting/results/page.tsx,admin,no,no,no
/admin/voting/templates,frontend-admin/app/admin/voting/templates/page.tsx,admin,no,no,no
/admin/voting/visibility,frontend-admin/app/admin/voting/visibility/page.tsx,admin,no,no,no
/extranet/amenities,frontend-admin/app/extranet/amenities/page.tsx,extranet,no,no,no
/extranet/analytics/bookers,frontend-admin/app/extranet/analytics/bookers/page.tsx,extranet,no,no,no
/extranet/analytics/conversion,frontend-admin/app/extranet/analytics/conversion/page.tsx,extranet,no,no,no
/extranet/analytics/market,frontend-admin/app/extranet/analytics/market/page.tsx,extranet,no,no,no
/extranet/analytics/performance,frontend-admin/app/extranet/analytics/performance/page.tsx,extranet,no,no,no
/extranet/bank,frontend-admin/app/extranet/bank/page.tsx,extranet,no,no,no
/extranet/bulk-edit,frontend-admin/app/extranet/bulk-edit/page.tsx,extranet,no,no,no
/extranet/calendar,frontend-admin/app/extranet/calendar/page.tsx,extranet,no,no,no
/extranet/commission,frontend-admin/app/extranet/commission/page.tsx,extranet,no,no,no
/extranet/deposit-recon,frontend-admin/app/extranet/deposit-recon/page.tsx,extranet,no,no,no
/extranet/inbox,frontend-admin/app/extranet/inbox/page.tsx,extranet,no,no,no
/extranet/invoices,frontend-admin/app/extranet/invoices/page.tsx,extranet,no,no,no
/extranet/loyalty,frontend-admin/app/extranet/loyalty/page.tsx,extranet,no,no,no
/extranet/modify,frontend-admin/app/extranet/modify/page.tsx,extranet,no,no,no
/extranet/onboarding/content-wizard,frontend-admin/app/extranet/onboarding/content-wizard/page.tsx,extranet,no,no,no
/extranet/onboarding/go-live,frontend-admin/app/extranet/onboarding/go-live/page.tsx,extranet,no,no,no
/extranet/onboarding/policies,frontend-admin/app/extranet/onboarding/policies/page.tsx,extranet,no,no,no
/extranet/onboarding/property,frontend-admin/app/extranet/onboarding/property/page.tsx,extranet,no,no,no
/extranet/onboarding/signup,frontend-admin/app/extranet/onboarding/signup/page.tsx,extranet,no,no,no
/extranet/onboarding/verification,frontend-admin/app/extranet/onboarding/verification/page.tsx,extranet,no,no,no
/extranet/opportunities,frontend-admin/app/extranet/opportunities/page.tsx,extranet,no,no,no
/extranet/payouts,frontend-admin/app/extranet/payouts/page.tsx,extranet,no,no,no
/extranet/photos,frontend-admin/app/extranet/photos/page.tsx,extranet,no,no,no
/extranet/profile,frontend-admin/app/extranet/profile/page.tsx,extranet,no,no,no
/extranet/promotions,frontend-admin/app/extranet/promotions/page.tsx,extranet,no,no,no
/extranet/rate-plans,frontend-admin/app/extranet/rate-plans/page.tsx,extranet,no,no,no
/extranet/reservations,frontend-admin/app/extranet/reservations/page.tsx,extranet,no,no,no
/extranet/reservations/[id],frontend-admin/app/extranet/reservations/[id]/page.tsx,extranet,no,no,yes
/extranet/restrictions,frontend-admin/app/extranet/restrictions/page.tsx,extranet,no,no,no
/extranet/reviews,frontend-admin/app/extranet/reviews/page.tsx,extranet,no,no,no
/extranet/room-types,frontend-admin/app/extranet/room-types/page.tsx,extranet,no,no,no
/extranet/settings,frontend-admin/app/extranet/settings/page.tsx,extranet,no,no,no
/extranet/staff,frontend-admin/app/extranet/staff/page.tsx,extranet,no,no,no
/extranet/staff/invite/accept,frontend-admin/app/extranet/staff/invite/accept/page.tsx,extranet,no,no,no
/extranet/visibility,frontend-admin/app/extranet/visibility/page.tsx,extranet,no,no,no
