app,route_file,exported_methods,proxied_path_inferred
frontend-admin,app/api/admin-proxy/[...path]/route.ts,DELETE|GET|PATCH|POST|PUT,/api/admin-proxy/:path*
frontend-admin,app/api/admin/session/route.ts,DELETE|POST,/api/admin/session
frontend-admin,app/api/admin/signup/route.ts,GET|POST,/api/admin/signup
frontend-admin,app/api/contestants/route.ts,GET,/api/contestants
frontend-admin,app/api/contests/route.ts,GET,/api/contests
frontend-admin,app/api/leaderboard/route.ts,GET,/api/leaderboard
frontend-admin,app/api/voting/contestant/[id]/route.ts,GET|POST,/api/voting/contestant/:id
frontend-admin,app/api/voting/stats/route.ts,GET,/api/voting/stats
frontend-admin,app/api/web-proxy/[...path]/route.ts,DELETE|GET|PATCH|POST|PUT,/api/web-proxy/:path*
frontend-web,app/api/academy/admin/[...path]/route.ts,DELETE|GET|PATCH|POST|PUT,/api/academy/admin/:path*
frontend-web,app/api/academy/application-fee/initiate/route.ts,POST,/api/academy/application-fee/initiate
frontend-web,app/api/academy/application/route.ts,GET,/api/academy/application
frontend-web,app/api/academy/apply/route.ts,GET|POST,/api/academy/apply
frontend-web,app/api/academy/assignments/parts/submit/route.ts,POST,/api/academy/assignments/parts/submit
frontend-web,app/api/academy/assignments/route.ts,GET,/api/academy/assignments
frontend-web,app/api/academy/assignments/submit/route.ts,POST,/api/academy/assignments/submit
frontend-web,app/api/academy/installments/pay/route.ts,POST,/api/academy/installments/pay
frontend-web,app/api/academy/installments/route.ts,GET,/api/academy/installments
frontend-web,app/api/academy/learning/progress/route.ts,POST,/api/academy/learning/progress
frontend-web,app/api/academy/learning/route.ts,GET,/api/academy/learning
frontend-web,app/api/admin/academy/applications/[id]/route.ts,GET|PATCH,/api/admin/academy/applications/:id
frontend-web,app/api/admin/academy/applications/route.ts,GET,/api/admin/academy/applications
frontend-web,app/api/admin/academy/assignment-parts/route.ts,DELETE|GET|PATCH|POST,/api/admin/academy/assignment-parts
frontend-web,app/api/admin/academy/batches/[id]/route.ts,DELETE|GET|PATCH,/api/admin/academy/batches/:id
frontend-web,app/api/admin/academy/batches/route.ts,GET|POST,/api/admin/academy/batches
frontend-web,app/api/admin/academy/curriculum/route.ts,GET|POST,/api/admin/academy/curriculum
frontend-web,app/api/admin/academy/curriculum/seed/route.ts,GET|POST,/api/admin/academy/curriculum/seed
frontend-web,app/api/admin/academy/installments/[planId]/remind/route.ts,POST,/api/admin/academy/installments/:planId/remind
frontend-web,app/api/admin/academy/installments/route.ts,GET|POST,/api/admin/academy/installments
frontend-web,app/api/admin/academy/interest-areas/route.ts,GET|POST|PUT,/api/admin/academy/interest-areas
frontend-web,app/api/admin/academy/progress/route.ts,GET,/api/admin/academy/progress
frontend-web,app/api/admin/academy/settings/route.ts,GET|PUT,/api/admin/academy/settings
frontend-web,app/api/admin/academy/submissions/route.ts,GET|PATCH,/api/admin/academy/submissions
frontend-web,app/api/admin/applications/bulk-action/route.ts,POST,/api/admin/applications/bulk-action
frontend-web,app/api/admin/audit-logs/route.ts,GET,/api/admin/audit-logs
frontend-web,app/api/admin/cms/[id]/route.ts,GET|PATCH,/api/admin/cms/:id
frontend-web,app/api/admin/cms/route.ts,GET|POST,/api/admin/cms
frontend-web,app/api/admin/contest-categories/[slug]/route.ts,DELETE|PATCH,/api/admin/contest-categories/:slug
frontend-web,app/api/admin/contest-categories/route.ts,GET|POST,/api/admin/contest-categories
frontend-web,app/api/admin/contests/[slug]/route.ts,DELETE|GET|PATCH,/api/admin/contests/:slug
frontend-web,app/api/admin/contests/[slug]/stage-advance/route.ts,POST,/api/admin/contests/:slug/stage-advance
frontend-web,app/api/admin/contests/[slug]/stages/[stageId]/route.ts,DELETE|PATCH,/api/admin/contests/:slug/stages/:stageId
frontend-web,app/api/admin/contests/[slug]/stages/route.ts,GET|POST,/api/admin/contests/:slug/stages
frontend-web,app/api/admin/contests/[slug]/status/route.ts,PATCH,/api/admin/contests/:slug/status
frontend-web,app/api/admin/contests/banner/[fileKey]/route.ts,GET,/api/admin/contests/banner/:fileKey
frontend-web,app/api/admin/contests/banner/route.ts,POST,/api/admin/contests/banner
frontend-web,app/api/admin/contests/route.ts,GET|POST,/api/admin/contests
frontend-web,app/api/admin/contests/stage-counts/route.ts,GET,/api/admin/contests/stage-counts
frontend-web,app/api/admin/dashboard/route.ts,GET,/api/admin/dashboard
frontend-web,app/api/admin/events/[id]/route.ts,GET|PATCH,/api/admin/events/:id
frontend-web,app/api/admin/events/route.ts,GET|POST,/api/admin/events
frontend-web,app/api/admin/facilities/[id]/bookings/route.ts,GET,/api/admin/facilities/:id/bookings
frontend-web,app/api/admin/facilities/[id]/route.ts,GET|PATCH,/api/admin/facilities/:id
frontend-web,app/api/admin/facilities/route.ts,GET|POST,/api/admin/facilities
frontend-web,app/api/admin/judges-scores/applications/[id]/score/route.ts,GET|POST,/api/admin/judges-scores/applications/:id/score
frontend-web,app/api/admin/judges-scores/route.ts,GET,/api/admin/judges-scores
frontend-web,app/api/admin/modules/facilities-rbac/[roleId]/route.ts,PATCH,/api/admin/modules/facilities-rbac/:roleId
frontend-web,app/api/admin/modules/facilities-rbac/route.ts,GET,/api/admin/modules/facilities-rbac
frontend-web,app/api/admin/notifications/route.ts,GET|POST,/api/admin/notifications
frontend-web,app/api/admin/open-mic/applications/[id]/review/route.ts,PATCH,/api/admin/open-mic/applications/:id/review
frontend-web,app/api/admin/open-mic/applications/route.ts,GET,/api/admin/open-mic/applications
frontend-web,app/api/admin/open-mic/contests/[id]/applications/route.ts,GET,/api/admin/open-mic/contests/:id/applications
frontend-web,app/api/admin/open-mic/contests/[id]/beat-downloads/route.ts,GET,/api/admin/open-mic/contests/:id/beat-downloads
frontend-web,app/api/admin/open-mic/contests/[id]/beats/route.ts,POST,/api/admin/open-mic/contests/:id/beats
frontend-web,app/api/admin/open-mic/contests/[id]/finale/route.ts,GET|PATCH,/api/admin/open-mic/contests/:id/finale
frontend-web,app/api/admin/open-mic/contests/[id]/finalists/route.ts,GET|POST,/api/admin/open-mic/contests/:id/finalists
frontend-web,app/api/admin/open-mic/contests/[id]/fraud-alerts/route.ts,GET,/api/admin/open-mic/contests/:id/fraud-alerts
frontend-web,app/api/admin/open-mic/contests/[id]/moderation-actions/route.ts,POST,/api/admin/open-mic/contests/:id/moderation-actions
frontend-web,app/api/admin/open-mic/contests/[id]/notifications/route.ts,GET,/api/admin/open-mic/contests/:id/notifications
frontend-web,app/api/admin/open-mic/contests/[id]/payments/route.ts,GET,/api/admin/open-mic/contests/:id/payments
frontend-web,app/api/admin/open-mic/contests/[id]/playlist/[submissionId]/route.ts,PATCH,/api/admin/open-mic/contests/:id/playlist/:submissionId
frontend-web,app/api/admin/open-mic/contests/[id]/playlist/autobuild/route.ts,POST,/api/admin/open-mic/contests/:id/playlist/autobuild
frontend-web,app/api/admin/open-mic/contests/[id]/playlist/lock/route.ts,POST,/api/admin/open-mic/contests/:id/playlist/lock
frontend-web,app/api/admin/open-mic/contests/[id]/playlist/route.ts,GET|POST,/api/admin/open-mic/contests/:id/playlist
frontend-web,app/api/admin/open-mic/contests/[id]/reports/route.ts,GET,/api/admin/open-mic/contests/:id/reports
frontend-web,app/api/admin/open-mic/contests/[id]/route.ts,GET|PATCH,/api/admin/open-mic/contests/:id
frontend-web,app/api/admin/open-mic/contests/[id]/votes/route.ts,GET,/api/admin/open-mic/contests/:id/votes
frontend-web,app/api/admin/open-mic/contests/[id]/winner/route.ts,POST,/api/admin/open-mic/contests/:id/winner
frontend-web,app/api/admin/open-mic/contests/[id]/winners/route.ts,GET|POST,/api/admin/open-mic/contests/:id/winners
frontend-web,app/api/admin/open-mic/contests/route.ts,GET|POST,/api/admin/open-mic/contests
frontend-web,app/api/admin/open-mic/submissions/[id]/review/route.ts,POST,/api/admin/open-mic/submissions/:id/review
frontend-web,app/api/admin/open-mic/submissions/[id]/song/route.ts,GET,/api/admin/open-mic/submissions/:id/song
frontend-web,app/api/admin/open-mic/submissions/route.ts,GET,/api/admin/open-mic/submissions
frontend-web,app/api/admin/payments-finance/kyc/route.ts,POST,/api/admin/payments-finance/kyc
frontend-web,app/api/admin/payments-finance/route.ts,GET,/api/admin/payments-finance
frontend-web,app/api/admin/payments-finance/wallet/backfill/route.ts,POST,/api/admin/payments-finance/wallet/backfill
frontend-web,app/api/admin/privileges/route.ts,GET,/api/admin/privileges
frontend-web,app/api/admin/programs/[id]/route.ts,GET|PATCH,/api/admin/programs/:id
frontend-web,app/api/admin/programs/route.ts,GET|POST,/api/admin/programs
frontend-web,app/api/admin/reality-show/contestants/[id]/route.ts,GET|PATCH,/api/admin/reality-show/contestants/:id
frontend-web,app/api/admin/reality-show/seasons/[id]/contestants/route.ts,GET|POST,/api/admin/reality-show/seasons/:id/contestants
frontend-web,app/api/admin/reality-show/seasons/[id]/route.ts,GET|PATCH,/api/admin/reality-show/seasons/:id
frontend-web,app/api/admin/reality-show/seasons/[id]/weeks/route.ts,GET|POST,/api/admin/reality-show/seasons/:id/weeks
frontend-web,app/api/admin/reality-show/seasons/route.ts,GET|POST,/api/admin/reality-show/seasons
frontend-web,app/api/admin/reality-show/weeks/[id]/evict/route.ts,POST,/api/admin/reality-show/weeks/:id/evict
frontend-web,app/api/admin/reality-show/weeks/[id]/status/route.ts,PATCH,/api/admin/reality-show/weeks/:id/status
frontend-web,app/api/admin/reality-show/weeks/[id]/vote/route.ts,GET|POST,/api/admin/reality-show/weeks/:id/vote
frontend-web,app/api/admin/referrals/vote-rewards/route.ts,GET,/api/admin/referrals/vote-rewards
frontend-web,app/api/admin/registration/applications/[id]/review/route.ts,POST,/api/admin/registration/applications/:id/review
frontend-web,app/api/admin/registration/applications/route.ts,GET,/api/admin/registration/applications
frontend-web,app/api/admin/reports/route.ts,GET,/api/admin/reports
frontend-web,app/api/admin/settings/route.ts,GET|PATCH,/api/admin/settings
frontend-web,app/api/admin/sme-pitch/route.ts,GET,/api/admin/sme-pitch
frontend-web,app/api/admin/stem/applications/[id]/review/route.ts,POST,/api/admin/stem/applications/:id/review
frontend-web,app/api/admin/stem/applications/route.ts,GET,/api/admin/stem/applications
frontend-web,app/api/admin/stem/contests/[id]/categories/route.ts,POST,/api/admin/stem/contests/:id/categories
frontend-web,app/api/admin/stem/contests/[id]/prices/route.ts,POST,/api/admin/stem/contests/:id/prices
frontend-web,app/api/admin/stem/contests/[id]/prizes/route.ts,POST,/api/admin/stem/contests/:id/prizes
frontend-web,app/api/admin/stem/contests/[id]/publish/route.ts,POST,/api/admin/stem/contests/:id/publish
frontend-web,app/api/admin/stem/contests/[id]/route.ts,GET|PATCH,/api/admin/stem/contests/:id
frontend-web,app/api/admin/stem/contests/route.ts,GET|POST,/api/admin/stem/contests
frontend-web,app/api/admin/users-roles/route.ts,GET,/api/admin/users-roles
frontend-web,app/api/admin/utility/billers/[id]/route.ts,PATCH,/api/admin/utility/billers/:id
frontend-web,app/api/admin/utility/billers/route.ts,GET|POST,/api/admin/utility/billers
frontend-web,app/api/admin/utility/categories/[category]/route.ts,PATCH,/api/admin/utility/categories/:category
frontend-web,app/api/admin/utility/categories/route.ts,GET|POST,/api/admin/utility/categories
frontend-web,app/api/admin/utility/products/[id]/route.ts,PATCH,/api/admin/utility/products/:id
frontend-web,app/api/admin/utility/products/import/route.ts,POST,/api/admin/utility/products/import
frontend-web,app/api/admin/utility/products/route.ts,GET|POST,/api/admin/utility/products
frontend-web,app/api/admin/utility/provider-products/[id]/route.ts,PATCH,/api/admin/utility/provider-products/:id
frontend-web,app/api/admin/utility/provider-products/route.ts,GET|POST,/api/admin/utility/provider-products
frontend-web,app/api/admin/utility/providers/[id]/credentials/route.ts,PUT,/api/admin/utility/providers/:id/credentials
frontend-web,app/api/admin/utility/providers/[id]/health-check/route.ts,POST,/api/admin/utility/providers/:id/health-check
frontend-web,app/api/admin/utility/providers/[id]/route.ts,PATCH,/api/admin/utility/providers/:id
frontend-web,app/api/admin/utility/providers/route.ts,GET|POST,/api/admin/utility/providers
frontend-web,app/api/admin/utility/reports/profitability/route.ts,GET,/api/admin/utility/reports/profitability
frontend-web,app/api/admin/utility/reports/provider-performance/route.ts,GET,/api/admin/utility/reports/provider-performance
frontend-web,app/api/admin/utility/reports/reconciliation/route.ts,GET,/api/admin/utility/reports/reconciliation
frontend-web,app/api/admin/utility/routing-rules/[id]/route.ts,PATCH,/api/admin/utility/routing-rules/:id
frontend-web,app/api/admin/utility/routing-rules/route.ts,GET|POST,/api/admin/utility/routing-rules
frontend-web,app/api/admin/utility/transactions/[id]/requery/route.ts,POST,/api/admin/utility/transactions/:id/requery
frontend-web,app/api/admin/utility/transactions/[id]/resolve/route.ts,POST,/api/admin/utility/transactions/:id/resolve
frontend-web,app/api/admin/utility/transactions/[id]/reverse/route.ts,POST,/api/admin/utility/transactions/:id/reverse
frontend-web,app/api/admin/utility/transactions/[id]/route.ts,GET,/api/admin/utility/transactions/:id
frontend-web,app/api/admin/utility/transactions/route.ts,GET,/api/admin/utility/transactions
frontend-web,app/api/admin/utility/workers/requery-pending/route.ts,POST,/api/admin/utility/workers/requery-pending
frontend-web,app/api/admin/voting/[contestId]/adjust/route.ts,POST,/api/admin/voting/:contestId/adjust
frontend-web,app/api/admin/voting/[contestId]/audit-log/route.ts,GET,/api/admin/voting/:contestId/audit-log
frontend-web,app/api/admin/voting/[contestId]/export/route.ts,GET,/api/admin/voting/:contestId/export
frontend-web,app/api/admin/voting/[contestId]/fraud-alerts/route.ts,GET|PATCH,/api/admin/voting/:contestId/fraud-alerts
frontend-web,app/api/admin/voting/[contestId]/freeze/route.ts,POST,/api/admin/voting/:contestId/freeze
frontend-web,app/api/admin/voting/[contestId]/leaderboard/route.ts,GET|POST,/api/admin/voting/:contestId/leaderboard
frontend-web,app/api/admin/voting/[contestId]/revenue/route.ts,GET,/api/admin/voting/:contestId/revenue
frontend-web,app/api/admin/voting/[contestId]/transactions/route.ts,GET,/api/admin/voting/:contestId/transactions
frontend-web,app/api/admin/voting/approvals/[approvalId]/approve/route.ts,POST,/api/admin/voting/approvals/:approvalId/approve
frontend-web,app/api/admin/voting/approvals/[approvalId]/reject/route.ts,POST,/api/admin/voting/approvals/:approvalId/reject
frontend-web,app/api/admin/voting/approvals/route.ts,GET,/api/admin/voting/approvals
frontend-web,app/api/admin/voting/contest-prizes/[prizeId]/route.ts,DELETE|PATCH,/api/admin/voting/contest-prizes/:prizeId
frontend-web,app/api/admin/voting/contest-prizes/route.ts,GET|POST,/api/admin/voting/contest-prizes
frontend-web,app/api/admin/voting/contest-templates/[templateId]/route.ts,DELETE|GET|PATCH,/api/admin/voting/contest-templates/:templateId
frontend-web,app/api/admin/voting/contest-templates/[templateId]/slots/route.ts,PUT,/api/admin/voting/contest-templates/:templateId/slots
frontend-web,app/api/admin/voting/contest-templates/route.ts,GET|POST,/api/admin/voting/contest-templates
frontend-web,app/api/admin/voting/package-templates/apply/route.ts,POST,/api/admin/voting/package-templates/apply
frontend-web,app/api/admin/voting/package-templates/route.ts,DELETE|GET|PATCH|POST,/api/admin/voting/package-templates
frontend-web,app/api/admin/voting/packages/route.ts,DELETE|GET|PATCH|POST,/api/admin/voting/packages
frontend-web,app/api/admin/voting/phases/route.ts,DELETE|GET|POST,/api/admin/voting/phases
frontend-web,app/api/admin/voting/rounds/[roundId]/publish-results/route.ts,POST,/api/admin/voting/rounds/:roundId/publish-results
frontend-web,app/api/admin/voting/rounds/[roundId]/results/route.ts,GET,/api/admin/voting/rounds/:roundId/results
frontend-web,app/api/admin/voting/rounds/route.ts,GET|PATCH|POST,/api/admin/voting/rounds
frontend-web,app/api/admin/voting/settings/route.ts,GET|POST,/api/admin/voting/settings
frontend-web,app/api/admin/voting/votes/[voteId]/reverse/route.ts,POST,/api/admin/voting/votes/:voteId/reverse
frontend-web,app/api/arena/[...path]/route.ts,DELETE|GET|PATCH|POST|PUT,/api/arena/:path*
frontend-web,app/api/auth/forgot-password/route.ts,POST,/api/auth/forgot-password
frontend-web,app/api/auth/login/route.ts,POST,/api/auth/login
frontend-web,app/api/auth/logout/route.ts,POST,/api/auth/logout
frontend-web,app/api/auth/me/route.ts,GET,/api/auth/me
frontend-web,app/api/auth/otp-verify/route.ts,POST,/api/auth/otp-verify
frontend-web,app/api/auth/recovery-session/route.ts,POST,/api/auth/recovery-session
frontend-web,app/api/auth/register/route.ts,POST,/api/auth/register
frontend-web,app/api/auth/resend-otp/route.ts,POST,/api/auth/resend-otp
frontend-web,app/api/auth/reset-password/route.ts,POST,/api/auth/reset-password
frontend-web,app/api/auth/verify-otp/route.ts,POST,/api/auth/verify-otp
frontend-web,app/api/bills/airtime/purchase/route.ts,POST,/api/bills/airtime/purchase
frontend-web,app/api/bills/cable/pay/route.ts,POST,/api/bills/cable/pay
frontend-web,app/api/bills/cable/validate/route.ts,POST,/api/bills/cable/validate
frontend-web,app/api/bills/data/purchase/route.ts,POST,/api/bills/data/purchase
frontend-web,app/api/bills/electricity/pay/route.ts,POST,/api/bills/electricity/pay
frontend-web,app/api/bills/electricity/validate/route.ts,POST,/api/bills/electricity/validate
frontend-web,app/api/compliance/[...path]/route.ts,DELETE|GET|PATCH|POST|PUT,/api/compliance/:path*
frontend-web,app/api/contact/route.ts,POST,/api/contact
frontend-web,app/api/contestant/votes/summary/route.ts,GET,/api/contestant/votes/summary
frontend-web,app/api/contestant/votes/timeline/route.ts,GET,/api/contestant/votes/timeline
frontend-web,app/api/contestants/[contestantId]/share/route.ts,GET|POST,/api/contestants/:contestantId/share
frontend-web,app/api/crowdfunding/uploads/[fileKey]/route.ts,GET,/api/crowdfunding/uploads/:fileKey
frontend-web,app/api/crowdfunding/uploads/documents/[fileKey]/route.ts,GET,/api/crowdfunding/uploads/documents/:fileKey
frontend-web,app/api/crowdfunding/uploads/documents/route.ts,POST,/api/crowdfunding/uploads/documents
frontend-web,app/api/crowdfunding/uploads/route.ts,POST,/api/crowdfunding/uploads
frontend-web,app/api/dashboard/route.ts,GET,/api/dashboard
frontend-web,app/api/finance/[...path]/route.ts,DELETE|GET|PATCH|POST|PUT,/api/finance/:path*
frontend-web,app/api/finance/admin/kyc/[...path]/route.ts,DELETE|GET|PATCH|POST|PUT,/api/finance/admin/kyc/:path*
frontend-web,app/api/finance/associations/[[...path]]/route.ts,DELETE|GET|PATCH|POST|PUT,/api/finance/associations/:path(*)
frontend-web,app/api/finance/kyc/[...path]/route.ts,DELETE|GET|PATCH|POST|PUT,/api/finance/kyc/:path*
frontend-web,app/api/health/banners/[filename]/route.ts,GET,/api/health/banners/:filename
frontend-web,app/api/inquiries/route.ts,POST,/api/inquiries
frontend-web,app/api/kyc/webhooks/[provider]/route.ts,POST,/api/kyc/webhooks/:provider
frontend-web,app/api/leaderboard/[contestId]/route.ts,GET,/api/leaderboard/:contestId
frontend-web,app/api/me/applications/route.ts,GET,/api/me/applications
frontend-web,app/api/me/profile-completion/route.ts,GET,/api/me/profile-completion
frontend-web,app/api/me/profile/route.ts,GET|PUT,/api/me/profile
frontend-web,app/api/me/route.ts,GET,/api/me
frontend-web,app/api/media/banners/[slug]/route.ts,GET,/api/media/banners/:slug
frontend-web,app/api/open-mic/applications/route.ts,GET,/api/open-mic/applications
frontend-web,app/api/open-mic/contests/[slug]/apply/route.ts,POST,/api/open-mic/contests/:slug/apply
frontend-web,app/api/open-mic/contests/[slug]/beat/download/route.ts,GET|POST,/api/open-mic/contests/:slug/beat/download
frontend-web,app/api/open-mic/contests/[slug]/route.ts,GET,/api/open-mic/contests/:slug
frontend-web,app/api/open-mic/contests/route.ts,GET,/api/open-mic/contests
frontend-web,app/api/open-mic/profile/route.ts,GET,/api/open-mic/profile
frontend-web,app/api/open-mic/songs/[id]/route.ts,GET,/api/open-mic/songs/:id
frontend-web,app/api/open-mic/submissions/[id]/submit/route.ts,POST,/api/open-mic/submissions/:id/submit
frontend-web,app/api/open-mic/submissions/route.ts,GET|POST,/api/open-mic/submissions
frontend-web,app/api/open-mic/uploads/complete/route.ts,POST,/api/open-mic/uploads/complete
frontend-web,app/api/open-mic/uploads/presign/route.ts,POST,/api/open-mic/uploads/presign
frontend-web,app/api/open-mic/uploads/route.ts,POST,/api/open-mic/uploads
frontend-web,app/api/open-mic/votes/pay/initiate/route.ts,POST,/api/open-mic/votes/pay/initiate
frontend-web,app/api/open-mic/votes/pay/verify/route.ts,POST,/api/open-mic/votes/pay/verify
frontend-web,app/api/open-mic/votes/route.ts,POST,/api/open-mic/votes
frontend-web,app/api/open-mic/votes/stream/route.ts,GET,/api/open-mic/votes/stream
frontend-web,app/api/opportunities/route.ts,GET,/api/opportunities
frontend-web,app/api/registration/applications/[id]/payment/callback/route.ts,GET,/api/registration/applications/:id/payment/callback
frontend-web,app/api/registration/applications/[id]/payment/initiate/route.ts,POST,/api/registration/applications/:id/payment/initiate
frontend-web,app/api/registration/applications/[id]/payment/verify/route.ts,GET,/api/registration/applications/:id/payment/verify
frontend-web,app/api/registration/applications/[id]/route.ts,GET|PATCH,/api/registration/applications/:id
frontend-web,app/api/registration/applications/[id]/status/route.ts,GET,/api/registration/applications/:id/status
frontend-web,app/api/registration/applications/[id]/step/route.ts,PATCH,/api/registration/applications/:id/step
frontend-web,app/api/registration/applications/[id]/submit/route.ts,POST,/api/registration/applications/:id/submit
frontend-web,app/api/registration/applications/[id]/voting/route.ts,GET,/api/registration/applications/:id/voting
frontend-web,app/api/registration/applications/[id]/withdraw/route.ts,POST,/api/registration/applications/:id/withdraw
frontend-web,app/api/registration/applications/route.ts,GET|POST,/api/registration/applications
frontend-web,app/api/registration/contests/route.ts,GET,/api/registration/contests
frontend-web,app/api/registration/for-contest/route.ts,GET,/api/registration/for-contest
frontend-web,app/api/registration/uploads/[fileKey]/route.ts,GET,/api/registration/uploads/:fileKey
frontend-web,app/api/registration/uploads/route.ts,POST,/api/registration/uploads
frontend-web,app/api/sponsor-meetings/route.ts,POST,/api/sponsor-meetings
frontend-web,app/api/stem/applications/[id]/route.ts,GET|PATCH,/api/stem/applications/:id
frontend-web,app/api/stem/applications/[id]/status/route.ts,GET,/api/stem/applications/:id/status
frontend-web,app/api/stem/applications/[id]/submit/route.ts,POST,/api/stem/applications/:id/submit
frontend-web,app/api/stem/applications/route.ts,GET|POST,/api/stem/applications
frontend-web,app/api/stem/contests/[slug]/route.ts,GET,/api/stem/contests/:slug
frontend-web,app/api/stem/contests/route.ts,GET,/api/stem/contests
frontend-web,app/api/stem/school-join-requests/[id]/review/route.ts,POST,/api/stem/school-join-requests/:id/review
frontend-web,app/api/stem/school-join-requests/route.ts,GET|POST,/api/stem/school-join-requests
frontend-web,app/api/stem/schools/[id]/review/route.ts,POST,/api/stem/schools/:id/review
frontend-web,app/api/stem/schools/route.ts,GET|POST,/api/stem/schools
frontend-web,app/api/v1/[...path]/route.ts,DELETE|GET|PATCH|POST|PUT,/api/v1/:path*
frontend-web,app/api/v1/academy/[...path]/route.ts,DELETE|GET|PATCH|POST|PUT,/api/v1/academy/:path*
frontend-web,app/api/v1/admin/adjustments/[id]/approve/route.ts,POST,/api/v1/admin/adjustments/:id/approve
frontend-web,app/api/v1/admin/adjustments/[id]/reject/route.ts,POST,/api/v1/admin/adjustments/:id/reject
frontend-web,app/api/v1/admin/adjustments/route.ts,GET|POST,/api/v1/admin/adjustments
frontend-web,app/api/v1/admin/contests/route.ts,GET,/api/v1/admin/contests
frontend-web,app/api/v1/association/[...path]/route.ts,DELETE|GET|PATCH|POST|PUT,/api/v1/association/:path*
frontend-web,app/api/v1/banks/resolve/route.ts,POST,/api/v1/banks/resolve
frontend-web,app/api/v1/banks/route.ts,GET,/api/v1/banks
frontend-web,app/api/v1/beneficiaries/[id]/route.ts,DELETE|PATCH,/api/v1/beneficiaries/:id
frontend-web,app/api/v1/beneficiaries/route.ts,GET|POST,/api/v1/beneficiaries
frontend-web,app/api/v1/connect/[...path]/route.ts,DELETE|GET|PATCH|POST|PUT,/api/v1/connect/:path*
frontend-web,app/api/v1/connect/share/[token]/route.ts,GET,/api/v1/connect/share/:token
frontend-web,app/api/v1/contestants/[id]/route.ts,GET,/api/v1/contestants/:id
frontend-web,app/api/v1/contests/[id]/contestants/route.ts,GET,/api/v1/contests/:id/contestants
frontend-web,app/api/v1/contests/[id]/leaderboard/route.ts,GET,/api/v1/contests/:id/leaderboard
frontend-web,app/api/v1/contests/[id]/route.ts,GET,/api/v1/contests/:id
frontend-web,app/api/v1/contests/[id]/vote-packages/route.ts,GET,/api/v1/contests/:id/vote-packages
frontend-web,app/api/v1/contests/categories/route.ts,GET,/api/v1/contests/categories
frontend-web,app/api/v1/contests/route.ts,GET,/api/v1/contests
frontend-web,app/api/v1/creators/[...path]/route.ts,GET|PATCH|POST|PUT,/api/v1/creators/:path*
frontend-web,app/api/v1/crowdfunding/bank-accounts/route.ts,GET,/api/v1/crowdfunding/bank-accounts
frontend-web,app/api/v1/crowdfunding/campaigns/[id]/broadcast/route.ts,POST,/api/v1/crowdfunding/campaigns/:id/broadcast
frontend-web,app/api/v1/crowdfunding/campaigns/[id]/comments/route.ts,GET|POST,/api/v1/crowdfunding/campaigns/:id/comments
frontend-web,app/api/v1/crowdfunding/campaigns/[id]/contribute/route.ts,POST,/api/v1/crowdfunding/campaigns/:id/contribute
frontend-web,app/api/v1/crowdfunding/campaigns/[id]/contributors/route.ts,GET,/api/v1/crowdfunding/campaigns/:id/contributors
frontend-web,app/api/v1/crowdfunding/campaigns/[id]/documents/route.ts,GET|POST,/api/v1/crowdfunding/campaigns/:id/documents
frontend-web,app/api/v1/crowdfunding/campaigns/[id]/events/route.ts,POST,/api/v1/crowdfunding/campaigns/:id/events
frontend-web,app/api/v1/crowdfunding/campaigns/[id]/milestones/route.ts,GET,/api/v1/crowdfunding/campaigns/:id/milestones
frontend-web,app/api/v1/crowdfunding/campaigns/[id]/route.ts,GET,/api/v1/crowdfunding/campaigns/:id
frontend-web,app/api/v1/crowdfunding/campaigns/[id]/save/route.ts,DELETE|POST,/api/v1/crowdfunding/campaigns/:id/save
frontend-web,app/api/v1/crowdfunding/campaigns/[id]/updates/route.ts,GET|POST,/api/v1/crowdfunding/campaigns/:id/updates
frontend-web,app/api/v1/crowdfunding/campaigns/route.ts,GET|POST,/api/v1/crowdfunding/campaigns
frontend-web,app/api/v1/crowdfunding/categories/route.ts,GET,/api/v1/crowdfunding/categories
frontend-web,app/api/v1/crowdfunding/comments/[commentId]/reply/route.ts,POST,/api/v1/crowdfunding/comments/:commentId/reply
frontend-web,app/api/v1/crowdfunding/comments/[commentId]/report/route.ts,POST,/api/v1/crowdfunding/comments/:commentId/report
frontend-web,app/api/v1/crowdfunding/contributions/[id]/refund-request/route.ts,POST,/api/v1/crowdfunding/contributions/:id/refund-request
frontend-web,app/api/v1/crowdfunding/contributions/[id]/route.ts,GET,/api/v1/crowdfunding/contributions/:id
frontend-web,app/api/v1/crowdfunding/contributions/route.ts,GET,/api/v1/crowdfunding/contributions
frontend-web,app/api/v1/crowdfunding/creator/campaigns/[id]/analytics/route.ts,GET,/api/v1/crowdfunding/creator/campaigns/:id/analytics
frontend-web,app/api/v1/crowdfunding/creator/campaigns/[id]/feature-request/route.ts,DELETE|POST,/api/v1/crowdfunding/creator/campaigns/:id/feature-request
frontend-web,app/api/v1/crowdfunding/creator/campaigns/[id]/pause/route.ts,POST,/api/v1/crowdfunding/creator/campaigns/:id/pause
frontend-web,app/api/v1/crowdfunding/creator/campaigns/[id]/resume/route.ts,POST,/api/v1/crowdfunding/creator/campaigns/:id/resume
frontend-web,app/api/v1/crowdfunding/creator/campaigns/[id]/route.ts,DELETE|PATCH,/api/v1/crowdfunding/creator/campaigns/:id
frontend-web,app/api/v1/crowdfunding/creator/campaigns/[id]/unfeature/route.ts,POST,/api/v1/crowdfunding/creator/campaigns/:id/unfeature
frontend-web,app/api/v1/crowdfunding/creator/campaigns/route.ts,GET,/api/v1/crowdfunding/creator/campaigns
frontend-web,app/api/v1/crowdfunding/creator/contributions/route.ts,GET,/api/v1/crowdfunding/creator/contributions
frontend-web,app/api/v1/crowdfunding/creator/notifications/route.ts,GET,/api/v1/crowdfunding/creator/notifications
frontend-web,app/api/v1/crowdfunding/creator/stats/route.ts,GET,/api/v1/crowdfunding/creator/stats
frontend-web,app/api/v1/crowdfunding/creator/withdrawals/route.ts,GET,/api/v1/crowdfunding/creator/withdrawals
frontend-web,app/api/v1/crowdfunding/csr/campaigns/[id]/route.ts,GET,/api/v1/crowdfunding/csr/campaigns/:id
frontend-web,app/api/v1/crowdfunding/csr/campaigns/route.ts,GET,/api/v1/crowdfunding/csr/campaigns
frontend-web,app/api/v1/crowdfunding/csr/employee-giving/route.ts,GET,/api/v1/crowdfunding/csr/employee-giving
frontend-web,app/api/v1/crowdfunding/csr/impact/route.ts,GET,/api/v1/crowdfunding/csr/impact
frontend-web,app/api/v1/crowdfunding/csr/invoices/route.ts,GET,/api/v1/crowdfunding/csr/invoices
frontend-web,app/api/v1/crowdfunding/csr/matches/[id]/approve/route.ts,POST,/api/v1/crowdfunding/csr/matches/:id/approve
frontend-web,app/api/v1/crowdfunding/csr/matches/route.ts,GET|POST,/api/v1/crowdfunding/csr/matches
frontend-web,app/api/v1/crowdfunding/csr/profile/route.ts,GET,/api/v1/crowdfunding/csr/profile
frontend-web,app/api/v1/crowdfunding/help/route.ts,GET,/api/v1/crowdfunding/help
frontend-web,app/api/v1/crowdfunding/investment/education/route.ts,GET,/api/v1/crowdfunding/investment/education
frontend-web,app/api/v1/crowdfunding/investment/offers/[id]/route.ts,GET,/api/v1/crowdfunding/investment/offers/:id
frontend-web,app/api/v1/crowdfunding/investment/offers/route.ts,GET,/api/v1/crowdfunding/investment/offers
frontend-web,app/api/v1/crowdfunding/investment/onboarding/route.ts,POST,/api/v1/crowdfunding/investment/onboarding
frontend-web,app/api/v1/crowdfunding/investment/portfolio/route.ts,GET,/api/v1/crowdfunding/investment/portfolio
frontend-web,app/api/v1/crowdfunding/investment/profile/route.ts,GET,/api/v1/crowdfunding/investment/profile
frontend-web,app/api/v1/crowdfunding/investment/quiz/route.ts,GET,/api/v1/crowdfunding/investment/quiz
frontend-web,app/api/v1/crowdfunding/investment/subscribe/route.ts,POST,/api/v1/crowdfunding/investment/subscribe
frontend-web,app/api/v1/crowdfunding/ledger-entry/[id]/route.ts,GET,/api/v1/crowdfunding/ledger-entry/:id
frontend-web,app/api/v1/crowdfunding/ledger/[id]/route.ts,GET,/api/v1/crowdfunding/ledger/:id
frontend-web,app/api/v1/crowdfunding/notifications/read/route.ts,POST,/api/v1/crowdfunding/notifications/read
frontend-web,app/api/v1/crowdfunding/notifications/route.ts,GET,/api/v1/crowdfunding/notifications
frontend-web,app/api/v1/crowdfunding/recently-viewed/route.ts,GET,/api/v1/crowdfunding/recently-viewed
frontend-web,app/api/v1/crowdfunding/rewards/backers/route.ts,GET,/api/v1/crowdfunding/rewards/backers
frontend-web,app/api/v1/crowdfunding/rewards/fulfilment/[id]/route.ts,PUT,/api/v1/crowdfunding/rewards/fulfilment/:id
frontend-web,app/api/v1/crowdfunding/saved-campaigns/route.ts,GET,/api/v1/crowdfunding/saved-campaigns
frontend-web,app/api/v1/crowdfunding/settings/notifications/route.ts,GET|PUT,/api/v1/crowdfunding/settings/notifications
frontend-web,app/api/v1/crowdfunding/support/tickets/[id]/reply/route.ts,POST,/api/v1/crowdfunding/support/tickets/:id/reply
frontend-web,app/api/v1/crowdfunding/support/tickets/[id]/route.ts,GET,/api/v1/crowdfunding/support/tickets/:id
frontend-web,app/api/v1/crowdfunding/support/tickets/route.ts,GET|POST,/api/v1/crowdfunding/support/tickets
frontend-web,app/api/v1/crowdfunding/updates/[updateId]/like/route.ts,POST,/api/v1/crowdfunding/updates/:updateId/like
frontend-web,app/api/v1/crowdfunding/wallet/[id]/route.ts,GET,/api/v1/crowdfunding/wallet/:id
frontend-web,app/api/v1/crowdfunding/withdraw/[id]/route.ts,POST,/api/v1/crowdfunding/withdraw/:id
frontend-web,app/api/v1/crypto/[...path]/route.ts,DELETE|GET|PATCH|POST|PUT,/api/v1/crypto/:path*
frontend-web,app/api/v1/disputes/route.ts,GET|POST,/api/v1/disputes
frontend-web,app/api/v1/doctor/[...path]/route.ts,DELETE|GET|PATCH|POST|PUT,/api/v1/doctor/:path*
frontend-web,app/api/v1/doctor/bank-accounts/verify/route.ts,POST,/api/v1/doctor/bank-accounts/verify
frontend-web,app/api/v1/driver/[...path]/route.ts,DELETE|GET|PATCH|POST|PUT,/api/v1/driver/:path*
frontend-web,app/api/v1/elections/[id]/ballot/route.ts,GET,/api/v1/elections/:id/ballot
frontend-web,app/api/v1/elections/[id]/candidates/[candidateId]/media/route.ts,GET,/api/v1/elections/:id/candidates/:candidateId/media
frontend-web,app/api/v1/elections/[id]/eligibility/route.ts,GET,/api/v1/elections/:id/eligibility
frontend-web,app/api/v1/elections/[id]/publish/route.ts,POST,/api/v1/elections/:id/publish
frontend-web,app/api/v1/elections/[id]/route.ts,GET,/api/v1/elections/:id
frontend-web,app/api/v1/elections/[id]/vote/route.ts,POST,/api/v1/elections/:id/vote
frontend-web,app/api/v1/elections/active/route.ts,GET,/api/v1/elections/active
frontend-web,app/api/v1/elections/route.ts,GET|POST,/api/v1/elections
frontend-web,app/api/v1/estate/admin/summary/route.ts,GET,/api/v1/estate/admin/summary
frontend-web,app/api/v1/estate/ai-notes/generate/route.ts,POST,/api/v1/estate/ai-notes/generate
frontend-web,app/api/v1/estate/ai-notes/route.ts,GET,/api/v1/estate/ai-notes
frontend-web,app/api/v1/estate/analytics/[type]/route.ts,GET,/api/v1/estate/analytics/:type
frontend-web,app/api/v1/estate/announcements/[id]/read/route.ts,POST,/api/v1/estate/announcements/:id/read
frontend-web,app/api/v1/estate/announcements/[id]/route.ts,GET,/api/v1/estate/announcements/:id
frontend-web,app/api/v1/estate/announcements/route.ts,GET|POST,/api/v1/estate/announcements
frontend-web,app/api/v1/estate/documents/route.ts,GET|POST,/api/v1/estate/documents
frontend-web,app/api/v1/estate/dues/[id]/pay/route.ts,POST,/api/v1/estate/dues/:id/pay
frontend-web,app/api/v1/estate/dues/route.ts,GET,/api/v1/estate/dues
frontend-web,app/api/v1/estate/emergencies/[id]/resolve/route.ts,POST,/api/v1/estate/emergencies/:id/resolve
frontend-web,app/api/v1/estate/emergencies/route.ts,GET|POST,/api/v1/estate/emergencies
frontend-web,app/api/v1/estate/facilities/bookings/[id]/cancel/route.ts,POST,/api/v1/estate/facilities/bookings/:id/cancel
frontend-web,app/api/v1/estate/facilities/bookings/route.ts,GET|POST,/api/v1/estate/facilities/bookings
frontend-web,app/api/v1/estate/facilities/route.ts,GET,/api/v1/estate/facilities
frontend-web,app/api/v1/estate/finance/route.ts,GET,/api/v1/estate/finance
frontend-web,app/api/v1/estate/meetings/[id]/minutes/route.ts,GET,/api/v1/estate/meetings/:id/minutes
frontend-web,app/api/v1/estate/meetings/[id]/route.ts,GET,/api/v1/estate/meetings/:id
frontend-web,app/api/v1/estate/meetings/[id]/rsvp/route.ts,POST,/api/v1/estate/meetings/:id/rsvp
frontend-web,app/api/v1/estate/meetings/route.ts,GET|POST,/api/v1/estate/meetings
frontend-web,app/api/v1/estate/notifications/[id]/read/route.ts,POST,/api/v1/estate/notifications/:id/read
frontend-web,app/api/v1/estate/notifications/read-all/route.ts,POST,/api/v1/estate/notifications/read-all
frontend-web,app/api/v1/estate/notifications/route.ts,GET,/api/v1/estate/notifications
frontend-web,app/api/v1/estate/properties/route.ts,GET,/api/v1/estate/properties
frontend-web,app/api/v1/estate/repairs/[id]/route.ts,GET,/api/v1/estate/repairs/:id
frontend-web,app/api/v1/estate/repairs/[id]/updates/route.ts,POST,/api/v1/estate/repairs/:id/updates
frontend-web,app/api/v1/estate/repairs/route.ts,GET|POST,/api/v1/estate/repairs
frontend-web,app/api/v1/estate/reports/route.ts,GET,/api/v1/estate/reports
frontend-web,app/api/v1/estate/settings/route.ts,GET|PATCH,/api/v1/estate/settings
frontend-web,app/api/v1/estate/tasks/[id]/route.ts,GET,/api/v1/estate/tasks/:id
frontend-web,app/api/v1/estate/tasks/[id]/status/route.ts,POST,/api/v1/estate/tasks/:id/status
frontend-web,app/api/v1/estate/tasks/route.ts,GET|POST,/api/v1/estate/tasks
frontend-web,app/api/v1/estate/vendors/jobs/[id]/status/route.ts,POST,/api/v1/estate/vendors/jobs/:id/status
frontend-web,app/api/v1/estate/vendors/jobs/route.ts,GET,/api/v1/estate/vendors/jobs
frontend-web,app/api/v1/estate/vendors/route.ts,GET,/api/v1/estate/vendors
frontend-web,app/api/v1/estate/vendors/self/earnings/route.ts,GET,/api/v1/estate/vendors/self/earnings
frontend-web,app/api/v1/estate/vendors/self/jobs/[id]/quote/route.ts,POST,/api/v1/estate/vendors/self/jobs/:id/quote
frontend-web,app/api/v1/estate/vendors/self/onboard/route.ts,POST,/api/v1/estate/vendors/self/onboard
frontend-web,app/api/v1/events/[...path]/route.ts,GET|PATCH|POST|PUT,/api/v1/events/:path*
frontend-web,app/api/v1/events/[id]/route.ts,GET,/api/v1/events/:id
frontend-web,app/api/v1/events/[id]/tickets/route.ts,POST,/api/v1/events/:id/tickets
frontend-web,app/api/v1/events/route.ts,POST,/api/v1/events
frontend-web,app/api/v1/food/cart/route.ts,DELETE|GET|POST,/api/v1/food/cart
frontend-web,app/api/v1/fractionalre/[...path]/route.ts,DELETE|GET|PATCH|POST|PUT,/api/v1/fractionalre/:path*
frontend-web,app/api/v1/fx/[...path]/route.ts,DELETE|GET|PATCH|POST|PUT,/api/v1/fx/:path*
frontend-web,app/api/v1/groups/[id]/dues/route.ts,POST,/api/v1/groups/:id/dues
frontend-web,app/api/v1/groups/route.ts,GET|POST,/api/v1/groups
frontend-web,app/api/v1/health/[...path]/route.ts,GET|PATCH|POST|PUT,/api/v1/health/:path*
frontend-web,app/api/v1/insurance/[...path]/route.ts,GET|PATCH|POST|PUT,/api/v1/insurance/:path*
frontend-web,app/api/v1/invest/[...path]/route.ts,DELETE|GET|PATCH|POST|PUT,/api/v1/invest/:path*
frontend-web,app/api/v1/kyc/initiate/route.ts,POST,/api/v1/kyc/initiate
frontend-web,app/api/v1/kyc/me/route.ts,GET,/api/v1/kyc/me
frontend-web,app/api/v1/kyc/tier0/route.ts,POST,/api/v1/kyc/tier0
frontend-web,app/api/v1/landing/[...path]/route.ts,GET,/api/v1/landing/:path*
frontend-web,app/api/v1/learn/[...path]/route.ts,DELETE|GET|PATCH|POST|PUT,/api/v1/learn/:path*
frontend-web,app/api/v1/loyalty/[...path]/route.ts,GET|PATCH|POST|PUT,/api/v1/loyalty/:path*
frontend-web,app/api/v1/maps/[...path]/route.ts,DELETE|GET|PATCH|POST|PUT,/api/v1/maps/:path*
frontend-web,app/api/v1/marketplace/[...path]/route.ts,DELETE|GET|PATCH|POST|PUT,/api/v1/marketplace/:path*
frontend-web,app/api/v1/me/capabilities/route.ts,GET,/api/v1/me/capabilities
frontend-web,app/api/v1/me/tier/route.ts,GET,/api/v1/me/tier
frontend-web,app/api/v1/mobility/[...path]/route.ts,DELETE|GET|PATCH|POST|PUT,/api/v1/mobility/:path*
frontend-web,app/api/v1/notifications/push-token/route.ts,POST,/api/v1/notifications/push-token
frontend-web,app/api/v1/nutrition/[...path]/route.ts,DELETE|GET|PATCH|POST|PUT,/api/v1/nutrition/:path*
frontend-web,app/api/v1/onboarding/[...path]/route.ts,DELETE|GET|PATCH|POST|PUT,/api/v1/onboarding/:path*
frontend-web,app/api/v1/p2p/[...path]/route.ts,GET|PATCH|POST|PUT,/api/v1/p2p/:path*
frontend-web,app/api/v1/payments/gateway/reconcile/route.ts,POST,/api/v1/payments/gateway/reconcile
frontend-web,app/api/v1/payments/gateway/recover/route.ts,POST,/api/v1/payments/gateway/recover
frontend-web,app/api/v1/placement/[...path]/route.ts,DELETE|GET|PATCH|POST|PUT,/api/v1/placement/:path*
frontend-web,app/api/v1/ratings/[entity_id]/route.ts,GET,/api/v1/ratings/:entity_id
frontend-web,app/api/v1/ratings/route.ts,POST,/api/v1/ratings
frontend-web,app/api/v1/realtime/[...path]/route.ts,GET,/api/v1/realtime/:path*
frontend-web,app/api/v1/realtor/ai/assist/route.ts,POST,/api/v1/realtor/ai/assist
frontend-web,app/api/v1/realtor/ai/listing-copy/route.ts,POST,/api/v1/realtor/ai/listing-copy
frontend-web,app/api/v1/realtor/invoices/[id]/pay/route.ts,POST,/api/v1/realtor/invoices/:id/pay
frontend-web,app/api/v1/referral/[...path]/route.ts,GET|PATCH|POST|PUT,/api/v1/referral/:path*
frontend-web,app/api/v1/referrals/[...path]/route.ts,DELETE|GET|PATCH|POST|PUT,/api/v1/referrals/:path*
frontend-web,app/api/v1/referrals/me/route.ts,GET,/api/v1/referrals/me
frontend-web,app/api/v1/referrals/outbox/route.ts,POST,/api/v1/referrals/outbox
frontend-web,app/api/v1/restaurant/[id]/availability/route.ts,PATCH,/api/v1/restaurant/:id/availability
frontend-web,app/api/v1/restaurant/[id]/delivery-quote/route.ts,POST,/api/v1/restaurant/:id/delivery-quote
frontend-web,app/api/v1/restaurant/[id]/like/route.ts,DELETE|POST,/api/v1/restaurant/:id/like
frontend-web,app/api/v1/restaurant/[id]/menu/[...path]/route.ts,DELETE|GET|PATCH|POST,/api/v1/restaurant/:id/menu/:path*
frontend-web,app/api/v1/restaurant/[id]/orders/[orderId]/route.ts,DELETE|PATCH,/api/v1/restaurant/:id/orders/:orderId
frontend-web,app/api/v1/restaurant/[id]/orders/[orderId]/status/route.ts,PATCH,/api/v1/restaurant/:id/orders/:orderId/status
frontend-web,app/api/v1/restaurant/[id]/orders/paystack/initiate/route.ts,POST,/api/v1/restaurant/:id/orders/paystack/initiate
frontend-web,app/api/v1/restaurant/[id]/orders/route.ts,POST,/api/v1/restaurant/:id/orders
frontend-web,app/api/v1/restaurant/[id]/route.ts,GET|PATCH,/api/v1/restaurant/:id
frontend-web,app/api/v1/restaurant/bank-accounts/verify/route.ts,POST,/api/v1/restaurant/bank-accounts/verify
frontend-web,app/api/v1/restaurant/earnings/route.ts,GET,/api/v1/restaurant/earnings
frontend-web,app/api/v1/restaurant/mine/route.ts,GET,/api/v1/restaurant/mine
frontend-web,app/api/v1/restaurant/orders/[...path]/route.ts,DELETE|GET|PATCH|POST|PUT,/api/v1/restaurant/orders/:path*
frontend-web,app/api/v1/restaurant/rider/[...path]/route.ts,DELETE|GET|PATCH|POST|PUT,/api/v1/restaurant/rider/:path*
frontend-web,app/api/v1/restaurant/route.ts,GET|POST,/api/v1/restaurant
frontend-web,app/api/v1/restaurant/ws/route.ts,GET,/api/v1/restaurant/ws
frontend-web,app/api/v1/savings/[...path]/route.ts,GET|PATCH|POST|PUT,/api/v1/savings/:path*
frontend-web,app/api/v1/social/[...path]/route.ts,GET|PATCH|POST|PUT,/api/v1/social/:path*
frontend-web,app/api/v1/spotlight/[...path]/route.ts,DELETE|GET|PATCH|POST|PUT,/api/v1/spotlight/:path*
frontend-web,app/api/v1/spray/[...path]/route.ts,GET|PATCH|POST|PUT,/api/v1/spray/:path*
frontend-web,app/api/v1/spray/route.ts,POST,/api/v1/spray
frontend-web,app/api/v1/stays/[...path]/route.ts,DELETE|GET|PATCH|POST|PUT,/api/v1/stays/:path*
frontend-web,app/api/v1/stays/extranet/[...path]/route.ts,DELETE|GET|PATCH|POST|PUT,/api/v1/stays/extranet/:path*
frontend-web,app/api/v1/stocks/[...path]/route.ts,DELETE|GET|PATCH|POST|PUT,/api/v1/stocks/:path*
frontend-web,app/api/v1/support/sessions/[id]/escalate/route.ts,POST,/api/v1/support/sessions/:id/escalate
frontend-web,app/api/v1/support/sessions/[id]/messages/route.ts,GET|POST,/api/v1/support/sessions/:id/messages
frontend-web,app/api/v1/support/sessions/route.ts,POST,/api/v1/support/sessions
frontend-web,app/api/v1/telemedicine/[...path]/route.ts,DELETE|GET|PATCH|POST|PUT,/api/v1/telemedicine/:path*
frontend-web,app/api/v1/telemedicine/appointments/[id]/complete/route.ts,POST,/api/v1/telemedicine/appointments/:id/complete
frontend-web,app/api/v1/telemedicine/appointments/[id]/prescription/route.ts,POST,/api/v1/telemedicine/appointments/:id/prescription
frontend-web,app/api/v1/telemedicine/appointments/[id]/route.ts,DELETE,/api/v1/telemedicine/appointments/:id
frontend-web,app/api/v1/telemedicine/appointments/route.ts,POST,/api/v1/telemedicine/appointments
frontend-web,app/api/v1/telemedicine/doctors/route.ts,GET|POST,/api/v1/telemedicine/doctors
frontend-web,app/api/v1/transfers/[...path]/route.ts,DELETE|GET|PATCH|POST|PUT,/api/v1/transfers/:path*
frontend-web,app/api/v1/transfers/bank/[id]/route.ts,GET,/api/v1/transfers/bank/:id
frontend-web,app/api/v1/transfers/bank/route.ts,POST,/api/v1/transfers/bank
frontend-web,app/api/v1/transfers/paymax/resolve/route.ts,GET,/api/v1/transfers/paymax/resolve
frontend-web,app/api/v1/transfers/paymax/route.ts,POST,/api/v1/transfers/paymax
frontend-web,app/api/v1/transport/drivers/route.ts,POST,/api/v1/transport/drivers
frontend-web,app/api/v1/transport/trips/[id]/accept/route.ts,POST,/api/v1/transport/trips/:id/accept
frontend-web,app/api/v1/transport/trips/[id]/status/route.ts,PATCH,/api/v1/transport/trips/:id/status
frontend-web,app/api/v1/transport/trips/route.ts,POST,/api/v1/transport/trips
frontend-web,app/api/v1/utility/beneficiaries/[id]/route.ts,DELETE,/api/v1/utility/beneficiaries/:id
frontend-web,app/api/v1/utility/beneficiaries/route.ts,GET|POST,/api/v1/utility/beneficiaries
frontend-web,app/api/v1/utility/billers/route.ts,GET,/api/v1/utility/billers
frontend-web,app/api/v1/utility/categories/route.ts,GET,/api/v1/utility/categories
frontend-web,app/api/v1/utility/logos/route.ts,GET,/api/v1/utility/logos
frontend-web,app/api/v1/utility/pay/route.ts,POST,/api/v1/utility/pay
frontend-web,app/api/v1/utility/paystack/callback/route.ts,GET,/api/v1/utility/paystack/callback
frontend-web,app/api/v1/utility/paystack/initiate/route.ts,POST,/api/v1/utility/paystack/initiate
frontend-web,app/api/v1/utility/paystack/verify/route.ts,POST,/api/v1/utility/paystack/verify
frontend-web,app/api/v1/utility/products/route.ts,GET,/api/v1/utility/products
frontend-web,app/api/v1/utility/transactions/[id]/dispute/route.ts,POST,/api/v1/utility/transactions/:id/dispute
frontend-web,app/api/v1/utility/transactions/[id]/receipt/route.ts,GET,/api/v1/utility/transactions/:id/receipt
frontend-web,app/api/v1/utility/transactions/[id]/requery/route.ts,POST,/api/v1/utility/transactions/:id/requery
frontend-web,app/api/v1/utility/transactions/[id]/route.ts,GET,/api/v1/utility/transactions/:id
frontend-web,app/api/v1/utility/transactions/route.ts,GET,/api/v1/utility/transactions
frontend-web,app/api/v1/utility/validate/route.ts,POST,/api/v1/utility/validate
frontend-web,app/api/v1/virtual-accounts/me/route.ts,GET,/api/v1/virtual-accounts/me
frontend-web,app/api/v1/visitor/analytics/route.ts,GET,/api/v1/visitor/analytics
frontend-web,app/api/v1/visitor/blacklist/[id]/route.ts,DELETE,/api/v1/visitor/blacklist/:id
frontend-web,app/api/v1/visitor/blacklist/route.ts,GET|POST,/api/v1/visitor/blacklist
frontend-web,app/api/v1/visitor/codes/[id]/arrival/route.ts,POST,/api/v1/visitor/codes/:id/arrival
frontend-web,app/api/v1/visitor/codes/[id]/attendance/route.ts,GET,/api/v1/visitor/codes/:id/attendance
frontend-web,app/api/v1/visitor/codes/[id]/exit/route.ts,POST,/api/v1/visitor/codes/:id/exit
frontend-web,app/api/v1/visitor/codes/[id]/extend/route.ts,POST,/api/v1/visitor/codes/:id/extend
frontend-web,app/api/v1/visitor/codes/[id]/revoke/route.ts,POST,/api/v1/visitor/codes/:id/revoke
frontend-web,app/api/v1/visitor/codes/[id]/route.ts,GET,/api/v1/visitor/codes/:id
frontend-web,app/api/v1/visitor/codes/[id]/share/route.ts,POST,/api/v1/visitor/codes/:id/share
frontend-web,app/api/v1/visitor/codes/event/route.ts,POST,/api/v1/visitor/codes/event
frontend-web,app/api/v1/visitor/codes/import/route.ts,POST,/api/v1/visitor/codes/import
frontend-web,app/api/v1/visitor/codes/route.ts,GET|POST,/api/v1/visitor/codes
frontend-web,app/api/v1/visitor/gate/approve/route.ts,POST,/api/v1/visitor/gate/approve
frontend-web,app/api/v1/visitor/gate/checkout/route.ts,POST,/api/v1/visitor/gate/checkout
frontend-web,app/api/v1/visitor/gate/deny/route.ts,POST,/api/v1/visitor/gate/deny
frontend-web,app/api/v1/visitor/gate/expected/route.ts,GET,/api/v1/visitor/gate/expected
frontend-web,app/api/v1/visitor/gate/handover/route.ts,POST,/api/v1/visitor/gate/handover
frontend-web,app/api/v1/visitor/gate/log/route.ts,GET,/api/v1/visitor/gate/log
frontend-web,app/api/v1/visitor/gate/lookup/route.ts,GET,/api/v1/visitor/gate/lookup
frontend-web,app/api/v1/visitor/gate/open-visits/count/route.ts,GET,/api/v1/visitor/gate/open-visits/count
frontend-web,app/api/v1/visitor/gate/open-visits/route.ts,GET,/api/v1/visitor/gate/open-visits
frontend-web,app/api/v1/visitor/gate/overstays/route.ts,GET,/api/v1/visitor/gate/overstays
frontend-web,app/api/v1/visitor/gate/pending-sync-count/route.ts,GET,/api/v1/visitor/gate/pending-sync-count
frontend-web,app/api/v1/visitor/gate/session/route.ts,GET,/api/v1/visitor/gate/session
frontend-web,app/api/v1/visitor/gate/sync/route.ts,POST,/api/v1/visitor/gate/sync
frontend-web,app/api/v1/visitor/gate/vehicles/route.ts,GET,/api/v1/visitor/gate/vehicles
frontend-web,app/api/v1/visitor/gate/vehicles/scan/route.ts,POST,/api/v1/visitor/gate/vehicles/scan
frontend-web,app/api/v1/visitor/gate/walkin/route.ts,POST,/api/v1/visitor/gate/walkin
frontend-web,app/api/v1/visitor/history/route.ts,GET,/api/v1/visitor/history
frontend-web,app/api/v1/visitor/incidents/route.ts,GET|POST,/api/v1/visitor/incidents
frontend-web,app/api/v1/visitor/notifications/[id]/read/route.ts,POST,/api/v1/visitor/notifications/:id/read
frontend-web,app/api/v1/visitor/notifications/read-all/route.ts,POST,/api/v1/visitor/notifications/read-all
frontend-web,app/api/v1/visitor/notifications/route.ts,GET,/api/v1/visitor/notifications
frontend-web,app/api/v1/visitor/notifications/unread-count/route.ts,GET,/api/v1/visitor/notifications/unread-count
frontend-web,app/api/v1/visitor/restriction/appeal/route.ts,POST,/api/v1/visitor/restriction/appeal
frontend-web,app/api/v1/visitor/restriction/proof/route.ts,POST,/api/v1/visitor/restriction/proof
frontend-web,app/api/v1/visitor/restriction/route.ts,GET,/api/v1/visitor/restriction
frontend-web,app/api/v1/visitor/search/route.ts,GET,/api/v1/visitor/search
frontend-web,app/api/v1/wallet/balance/route.ts,GET,/api/v1/wallet/balance
frontend-web,app/api/v1/wallet/topup/[reference]/route.ts,GET,/api/v1/wallet/topup/:reference
frontend-web,app/api/v1/wallet/topup/route.ts,POST,/api/v1/wallet/topup
frontend-web,app/api/v1/wallet/transactions/route.ts,GET,/api/v1/wallet/transactions
frontend-web,app/api/v2/votes/free/route.ts,POST,/api/v2/votes/free
frontend-web,app/api/v2/votes/paid/initiate/route.ts,POST,/api/v2/votes/paid/initiate
frontend-web,app/api/v2/votes/paid/verify/route.ts,GET|POST,/api/v2/votes/paid/verify
frontend-web,app/api/v2/votes/stream/route.ts,GET,/api/v2/votes/stream
frontend-web,app/api/v2/votes/wallet/route.ts,POST,/api/v2/votes/wallet
frontend-web,app/api/vote-page/route.ts,GET,/api/vote-page
frontend-web,app/api/votes/free/route.ts,POST,/api/votes/free
frontend-web,app/api/votes/paid/initiate/route.ts,POST,/api/votes/paid/initiate
frontend-web,app/api/votes/paid/verify/route.ts,POST,/api/votes/paid/verify
frontend-web,app/api/votes/paid/wallet/route.ts,POST,/api/votes/paid/wallet
frontend-web,app/api/votes/remaining/route.ts,GET,/api/votes/remaining
frontend-web,app/api/votes/stream/route.ts,GET,/api/votes/stream
frontend-web,app/api/webhooks/paystack/route.ts,POST,/api/webhooks/paystack
