contract_file,method,path,operationId,tag
academy.openapi.yaml,GET,/api/finance/academy/me,,Identity
academy.openapi.yaml,POST,/api/finance/academy/roles,,Identity
academy.openapi.yaml,PUT,/api/finance/academy/profile,,Identity
academy.openapi.yaml,POST,/api/finance/academy/guardians/link,,Identity
academy.openapi.yaml,POST,/api/finance/academy/guardians/{minorId}/consent,,Identity
academy.openapi.yaml,GET,/api/academy/admin/users/{id},,Identity
academy.openapi.yaml,POST,/api/academy/admin/guardians/{id}/revoke,,Identity
academy.openapi.yaml,GET,/api/finance/academy/curriculum/versions,,Curriculum
academy.openapi.yaml,GET,/api/finance/academy/curriculum/classes,,Curriculum
academy.openapi.yaml,GET,/api/finance/academy/curriculum/classes/{id}/subjects,,Curriculum
academy.openapi.yaml,GET,/api/finance/academy/curriculum/subjects/{id}/topics,,Curriculum
academy.openapi.yaml,GET,/api/finance/academy/curriculum/topics/{id}/objectives,,Curriculum
academy.openapi.yaml,GET,/api/finance/academy/curriculum/streams,,Curriculum
academy.openapi.yaml,GET,/api/finance/academy/curriculum/trade-tracks,,Curriculum
academy.openapi.yaml,POST,/api/academy/admin/curriculum/versions,,Curriculum
academy.openapi.yaml,PATCH,/api/academy/admin/curriculum/versions/{id},,Curriculum
academy.openapi.yaml,POST,/api/academy/admin/curriculum/versions/{id}/publish,,Curriculum
academy.openapi.yaml,POST,/api/academy/admin/curriculum/classes,,Curriculum
academy.openapi.yaml,PATCH,/api/academy/admin/curriculum/classes/{id},,Curriculum
academy.openapi.yaml,POST,/api/academy/admin/curriculum/subjects,,Curriculum
academy.openapi.yaml,PATCH,/api/academy/admin/curriculum/subjects/{id},,Curriculum
academy.openapi.yaml,POST,/api/academy/admin/curriculum/topics,,Curriculum
academy.openapi.yaml,PATCH,/api/academy/admin/curriculum/topics/{id},,Curriculum
academy.openapi.yaml,POST,/api/academy/admin/curriculum/objectives,,Curriculum
academy.openapi.yaml,PATCH,/api/academy/admin/curriculum/objectives/{id},,Curriculum
academy.openapi.yaml,GET,/api/finance/academy/commerce/plans,,Commerce
academy.openapi.yaml,GET,/api/finance/academy/commerce/bundles,,Commerce
academy.openapi.yaml,GET,/api/finance/academy/commerce/bundles/{id}/manifest,,Commerce
academy.openapi.yaml,POST,/api/finance/academy/commerce/orders,,Commerce
academy.openapi.yaml,POST,/api/finance/academy/commerce/orders/{id}/pay,,Commerce
academy.openapi.yaml,POST,/api/finance/academy/commerce/orders/{id}/bnpl,,Commerce
academy.openapi.yaml,POST,/api/finance/academy/commerce/access-cards/activate,,Commerce
academy.openapi.yaml,POST,/api/finance/academy/commerce/subscribe,,Commerce
academy.openapi.yaml,POST,/api/finance/academy/commerce/sync,,Commerce
academy.openapi.yaml,POST,/api/academy/commerce/admin/orders/{id}/refund,,Commerce
academy.openapi.yaml,POST,/api/academy/commerce/admin/access-cards/generate,,Commerce
academy.openapi.yaml,POST,/api/academy/commerce/admin/access-cards/allocate,,Commerce
academy.openapi.yaml,GET,/api/academy/commerce/admin/plans,,Commerce
academy.openapi.yaml,GET,/api/academy/commerce/admin/bundles,,Commerce
academy.openapi.yaml,GET,/api/finance/academy/gamification/profile,,Gamification
academy.openapi.yaml,GET,/api/finance/academy/gamification/badges,,Gamification
academy.openapi.yaml,GET,/api/finance/academy/gamification/leaderboards/{id},,Gamification
academy.openapi.yaml,GET,/api/finance/academy/gamification/challenges,,Gamification
academy.openapi.yaml,GET,/api/academy/admin/gamification/badges,,Gamification
academy.openapi.yaml,POST,/api/academy/admin/gamification/badges,,Gamification
academy.openapi.yaml,POST,/api/academy/admin/gamification/challenges,,Gamification
academy.openapi.yaml,POST,/api/academy/admin/gamification/leaderboards,,Gamification
academy.openapi.yaml,GET,/api/finance/academy/rewards/balance,,Rewards
academy.openapi.yaml,GET,/api/finance/academy/rewards/history,,Rewards
academy.openapi.yaml,GET,/api/finance/academy/rewards/catalog,,Rewards
academy.openapi.yaml,POST,/api/finance/academy/rewards/redeem,,Rewards
academy.openapi.yaml,GET,/api/academy/admin/rewards/pools,,Rewards
academy.openapi.yaml,POST,/api/academy/admin/rewards/pools,,Rewards
academy.openapi.yaml,POST,/api/academy/admin/rewards/pools/{id}/fund,,Rewards
academy.openapi.yaml,GET,/api/academy/admin/rewards/pools/{id}/ledger,,Rewards
academy.openapi.yaml,GET,/api/academy/admin/rewards/catalog,,Rewards
academy.openapi.yaml,POST,/api/academy/admin/rewards/catalog,,Rewards
academy.openapi.yaml,GET,/api/finance/academy/practice,,Assessment
academy.openapi.yaml,POST,/api/finance/academy/practice/submit,,Assessment
academy.openapi.yaml,GET,/api/finance/academy/mastery,,Assessment
academy.openapi.yaml,GET,/api/finance/academy/progress,,Assessment
academy.openapi.yaml,GET,/api/academy/admin/question-bank/items,,Assessment
academy.openapi.yaml,POST,/api/academy/admin/question-bank/items,,Assessment
academy.openapi.yaml,GET,/api/academy/admin/question-bank/items/{id},,Assessment
academy.openapi.yaml,PUT,/api/academy/admin/question-bank/items/{id},,Assessment
academy.openapi.yaml,POST,/api/academy/admin/question-bank/items/{id}/transition,,Assessment
academy.openapi.yaml,GET,/api/academy/admin/question-bank/item-analysis,,Assessment
academy.openapi.yaml,GET,/api/finance/academy/exam/arenas,,Exam
academy.openapi.yaml,GET,/api/finance/academy/exam/arenas/{id},,Exam
academy.openapi.yaml,GET,/api/finance/academy/exam/arenas/{id}/blueprints,,Exam
academy.openapi.yaml,POST,/api/finance/academy/exam/attempts,,Exam
academy.openapi.yaml,POST,/api/finance/academy/exam/attempts/{id}/pause,,Exam
academy.openapi.yaml,POST,/api/finance/academy/exam/attempts/{id}/resume,,Exam
academy.openapi.yaml,POST,/api/finance/academy/exam/attempts/{id}/submit,,Exam
academy.openapi.yaml,GET,/api/finance/academy/exam/attempts/{id},,Exam
academy.openapi.yaml,GET,/api/finance/academy/exam/utme/combinations,,Exam
academy.openapi.yaml,POST,/api/academy/admin/exam/arenas,,Exam
academy.openapi.yaml,PUT,/api/academy/admin/exam/arenas/{id},,Exam
academy.openapi.yaml,POST,/api/academy/admin/exam/arenas/{id}/blueprints,,Exam
academy.openapi.yaml,PUT,/api/academy/admin/exam/blueprints/{id},,Exam
academy.openapi.yaml,POST,/api/academy/admin/exam/combinations,,Exam
academy.openapi.yaml,PUT,/api/academy/admin/exam/combinations/{id},,Exam
academy.openapi.yaml,DELETE,/api/academy/admin/exam/combinations/{id},,Exam
academy.openapi.yaml,GET,/api/finance/academy/progression/paths/{subjectId},,Progression
academy.openapi.yaml,POST,/api/finance/academy/progression/paths,,Progression
academy.openapi.yaml,POST,/api/finance/academy/progression/steps/{objectiveId}/advance,,Progression
academy.openapi.yaml,POST,/api/finance/academy/progression/practice/adaptive,,Progression
academy.openapi.yaml,GET,/api/finance/academy/progression/recommendations,,Progression
academy.openapi.yaml,GET,/api/academy/admin/progression/adaptive-config,,Progression
academy.openapi.yaml,PUT,/api/academy/admin/progression/adaptive-config,,Progression
academy.openapi.yaml,GET,/api/finance/academy/content/lessons/{objectiveId},,Content
academy.openapi.yaml,GET,/api/finance/academy/content/bundles,,Content
academy.openapi.yaml,GET,/api/finance/academy/content/bundles/{id}/manifest,,Content
academy.openapi.yaml,POST,/api/academy/admin/content/lessons/{id}/publish,,Content
academy.openapi.yaml,POST,/api/academy/admin/content/bundles/{id}/publish,,Content
academy.openapi.yaml,GET,/api/academy/admin/content/productions,,Content
academy.openapi.yaml,POST,/api/academy/admin/content/productions,,Content
academy.openapi.yaml,GET,/api/academy/admin/content/productions/{id},,Content
academy.openapi.yaml,PUT,/api/academy/admin/content/productions/{id},,Content
academy.openapi.yaml,POST,/api/academy/admin/content/productions/{id}/advance,,Content
academy.openapi.yaml,GET,/api/academy/admin/content/localizations,,Content
academy.openapi.yaml,POST,/api/academy/admin/content/localizations,,Content
academy.openapi.yaml,DELETE,/api/academy/admin/content/localizations,,Content
academy.openapi.yaml,GET,/api/finance/academy/parent/children,,Parent
academy.openapi.yaml,GET,/api/finance/academy/parent/children/{minorId}/dashboard,,Parent
academy.openapi.yaml,GET,/api/finance/academy/parent/children/{minorId}/subjects/{subjectId},,Parent
academy.openapi.yaml,PUT,/api/finance/academy/parent/children/{minorId}/controls,,Parent
academy.openapi.yaml,GET,/api/finance/academy/parent/children/{minorId}/reports,,Parent
academy.openapi.yaml,POST,/api/finance/academy/parent/reports/generate,,Parent
academy.openapi.yaml,GET,/api/finance/academy/parent/approvals,,Parent
academy.openapi.yaml,POST,/api/finance/academy/parent/approvals/{id}/decide,,Parent
academy.openapi.yaml,GET,/api/academy/admin/notification-templates,,Parent
academy.openapi.yaml,POST,/api/academy/admin/notification-templates,,Parent
academy.openapi.yaml,PUT,/api/academy/admin/notification-templates,,Parent
academy.openapi.yaml,GET,/api/academy/admin/notification-templates/{key},,Parent
academy.openapi.yaml,DELETE,/api/academy/admin/notification-templates/{key},,Parent
academy.openapi.yaml,GET,/api/finance/academy/edupay/schools,,EduPay
academy.openapi.yaml,GET,/api/finance/academy/edupay/fee-schedules,,EduPay
academy.openapi.yaml,POST,/api/finance/academy/edupay/link,,EduPay
academy.openapi.yaml,GET,/api/finance/academy/edupay/me,,EduPay
academy.openapi.yaml,POST,/api/finance/academy/edupay/pay,,EduPay
academy.openapi.yaml,POST,/api/finance/academy/edupay/pots,,EduPay
academy.openapi.yaml,POST,/api/finance/academy/edupay/pots/{id}/fund,,EduPay
academy.openapi.yaml,POST,/api/finance/academy/edupay/pots/{id}/pay,,EduPay
academy.openapi.yaml,POST,/api/academy/admin/edupay/admin/schools,,EduPay
academy.openapi.yaml,POST,/api/academy/admin/edupay/admin/fee-schedules,,EduPay
academy.openapi.yaml,POST,/api/academy/admin/edupay/admin/disbursements/{id}/reconcile,,EduPay
academy.openapi.yaml,GET,/api/academy/admin/edupay/admin/scholarships,,EduPay
academy.openapi.yaml,POST,/api/academy/admin/edupay/admin/scholarships,,EduPay
academy.openapi.yaml,POST,/api/academy/admin/edupay/admin/scholarships/award,,EduPay
academy.openapi.yaml,GET,/api/finance/academy/credentials,,Credentials
academy.openapi.yaml,GET,/api/finance/academy/credentials/verify/{verificationId},,Credentials
academy.openapi.yaml,GET,/api/finance/academy/earning/opportunities,,Credentials
academy.openapi.yaml,POST,/api/finance/academy/earning/apply,,Credentials
academy.openapi.yaml,POST,/api/academy/admin/credentials/{id}/revoke,,Credentials
academy.openapi.yaml,GET,/api/academy/admin/earning/opportunities,,Credentials
academy.openapi.yaml,POST,/api/academy/admin/earning/opportunities,,Credentials
academy.openapi.yaml,PUT,/api/academy/admin/earning/opportunities/{id},,Credentials
academy.openapi.yaml,GET,/api/finance/academy/trade/hub,,Trade
academy.openapi.yaml,GET,/api/finance/academy/trade/modules/{id},,Trade
academy.openapi.yaml,POST,/api/finance/academy/trade/projects/{id}/submit,,Trade
academy.openapi.yaml,GET,/api/finance/academy/trade/submissions,,Trade
academy.openapi.yaml,GET,/api/finance/academy/trade/assessments,,Trade
academy.openapi.yaml,POST,/api/finance/academy/trade/assessments/{id}/take,,Trade
academy.openapi.yaml,GET,/api/finance/academy/trade/mentors,,Trade
academy.openapi.yaml,POST,/api/finance/academy/trade/mentors/{id}/request,,Trade
academy.openapi.yaml,POST,/api/finance/academy/trade/matches/{id}/close,,Trade
academy.openapi.yaml,POST,/api/academy/admin/trade/modules,,Trade
academy.openapi.yaml,PUT,/api/academy/admin/trade/modules/{id},,Trade
academy.openapi.yaml,POST,/api/academy/admin/trade/lessons,,Trade
academy.openapi.yaml,PUT,/api/academy/admin/trade/lessons/{id},,Trade
academy.openapi.yaml,POST,/api/academy/admin/trade/projects,,Trade
academy.openapi.yaml,PUT,/api/academy/admin/trade/projects/{id},,Trade
academy.openapi.yaml,POST,/api/academy/admin/trade/skill-assessments,,Trade
academy.openapi.yaml,PUT,/api/academy/admin/trade/skill-assessments/{id},,Trade
academy.openapi.yaml,POST,/api/academy/admin/trade/mentors,,Trade
academy.openapi.yaml,POST,/api/academy/admin/trade/matches/{id}/accept,,Trade
academy.openapi.yaml,POST,/api/academy/admin/trade/submissions/{id}/review,,Trade
academy.openapi.yaml,GET,/api/finance/academy/live/sessions,,Live
academy.openapi.yaml,POST,/api/finance/academy/live/sessions/{id}/join,,Live
academy.openapi.yaml,GET,/api/finance/academy/community/groups,,Community
academy.openapi.yaml,POST,/api/finance/academy/community/groups,,Community
academy.openapi.yaml,POST,/api/finance/academy/community/groups/{id}/join,,Community
academy.openapi.yaml,GET,/api/finance/academy/community/discussions,,Community
academy.openapi.yaml,POST,/api/finance/academy/community/discussions,,Community
academy.openapi.yaml,POST,/api/finance/academy/moderation/report,,Community
academy.openapi.yaml,POST,/api/academy/admin/live/sessions,,Live
academy.openapi.yaml,POST,/api/academy/admin/live/sessions/{id}/start,,Live
academy.openapi.yaml,POST,/api/academy/admin/live/sessions/{id}/end,,Live
academy.openapi.yaml,POST,/api/academy/admin/live/sessions/{id}/cancel,,Live
academy.openapi.yaml,GET,/api/academy/admin/moderation/reports,,Community
academy.openapi.yaml,POST,/api/academy/admin/moderation/reports/{id}/decide,,Community
academy.openapi.yaml,GET,/api/finance/academy/schools/mine,,Schools
academy.openapi.yaml,GET,/api/finance/academy/schools/{id}/overview,,Schools
academy.openapi.yaml,POST,/api/academy/admin/schools/admin/institutions,,Schools
academy.openapi.yaml,GET,/api/academy/admin/schools/admin/institutions,,Schools
academy.openapi.yaml,GET,/api/academy/admin/schools/admin/institutions/{id}/overview,,Schools
academy.openapi.yaml,GET,/api/academy/admin/schools/admin/institutions/{id}/class-groups,,Schools
academy.openapi.yaml,POST,/api/academy/admin/schools/admin/licences,,Schools
academy.openapi.yaml,POST,/api/academy/admin/schools/admin/licences/{id}/suspend,,Schools
academy.openapi.yaml,POST,/api/academy/admin/schools/admin/licences/{id}/reactivate,,Schools
academy.openapi.yaml,POST,/api/academy/admin/schools/admin/licences/{id}/expire,,Schools
academy.openapi.yaml,POST,/api/academy/admin/schools/admin/class-groups,,Schools
academy.openapi.yaml,POST,/api/academy/admin/schools/admin/enrollments/bulk,,Schools
academy.openapi.yaml,DELETE,/api/academy/admin/schools/admin/enrollments,,Schools
academy.openapi.yaml,POST,/api/academy/admin/schools/admin/billing,,Schools
academy.openapi.yaml,POST,/api/academy/admin/schools/admin/billing/{id}/charge,,Schools
academy.openapi.yaml,POST,/api/finance/academy/tutor/onboard,,Tutor
academy.openapi.yaml,GET,/api/finance/academy/tutor/me,,Tutor
academy.openapi.yaml,POST,/api/finance/academy/tutor/assignments,,Tutor
academy.openapi.yaml,POST,/api/finance/academy/tutor/grades,,Tutor
academy.openapi.yaml,GET,/api/finance/academy/tutor/earnings,,Tutor
academy.openapi.yaml,POST,/api/finance/academy/tutor/payouts,,Tutor
academy.openapi.yaml,GET,/api/finance/academy/tutors,,Tutor
academy.openapi.yaml,POST,/api/academy/admin/tutor/{id}/verify,,Tutor
academy.openapi.yaml,POST,/api/academy/admin/tutor/{id}/suspend,,Tutor
academy.openapi.yaml,GET,/api/academy/admin/tutor/payouts,,Tutor
academy.openapi.yaml,POST,/api/finance/academy/schools,,Fees
academy.openapi.yaml,GET,/api/finance/academy/schools,,Fees
academy.openapi.yaml,GET,/api/finance/academy/schools/{schoolId},,Fees
academy.openapi.yaml,PATCH,/api/finance/academy/schools/{schoolId},,Fees
academy.openapi.yaml,GET,/api/finance/academy/schools/{schoolId}/export,,Fees
academy.openapi.yaml,POST,/api/academy/admin/schools/admin/{schoolId}/verify,,Fees
academy.openapi.yaml,GET,/api/academy/admin/schools/admin,,Fees
academy.openapi.yaml,POST,/api/finance/academy/schools/{schoolId}/sessions,,Fees
academy.openapi.yaml,GET,/api/finance/academy/schools/{schoolId}/sessions,,Fees
academy.openapi.yaml,GET,/api/finance/academy/schools/{schoolId}/sessions/{sessionId},,Fees
academy.openapi.yaml,POST,/api/finance/academy/schools/{schoolId}/sessions/{sessionId}/status,,Fees
academy.openapi.yaml,POST,/api/finance/academy/schools/{schoolId}/classes,,Fees
academy.openapi.yaml,GET,/api/finance/academy/schools/{schoolId}/classes,,Fees
academy.openapi.yaml,GET,/api/finance/academy/schools/{schoolId}/classes/{classId},,Fees
academy.openapi.yaml,PATCH,/api/finance/academy/schools/{schoolId}/classes/{classId},,Fees
academy.openapi.yaml,POST,/api/finance/academy/schools/{schoolId}/fee-schedules,,Fees
academy.openapi.yaml,GET,/api/finance/academy/schools/{schoolId}/fee-schedules,,Fees
academy.openapi.yaml,GET,/api/finance/academy/fee-schedules/{id},,Fees
academy.openapi.yaml,PATCH,/api/finance/academy/fee-schedules/{id},,Fees
academy.openapi.yaml,POST,/api/finance/academy/fee-schedules/{id}/lock,,Fees
academy.openapi.yaml,POST,/api/finance/academy/schools/{schoolId}/students,,Fees
academy.openapi.yaml,GET,/api/finance/academy/schools/{schoolId}/students,,Fees
academy.openapi.yaml,GET,/api/finance/academy/schools/{schoolId}/students/{studentId},,Fees
academy.openapi.yaml,POST,/api/finance/academy/schools/{schoolId}/students/{studentId}/guardians,,Fees
academy.openapi.yaml,DELETE,/api/finance/academy/schools/{schoolId}/students/{studentId}/guardians/{guardianId},,Fees
academy.openapi.yaml,POST,/api/finance/academy/schools/{schoolId}/students/import/preview,,Fees
academy.openapi.yaml,POST,/api/finance/academy/schools/{schoolId}/students/import/approve,,Fees
academy.openapi.yaml,POST,/api/finance/academy/invoices,,Fees
academy.openapi.yaml,GET,/api/finance/academy/invoices/{id},,Fees
academy.openapi.yaml,GET,/api/finance/academy/invoices/{id}/payments,,Fees
academy.openapi.yaml,POST,/api/finance/academy/invoices/{id}/payments,,Fees
academy.openapi.yaml,GET,/api/finance/academy/students/{studentId}/invoices,,Fees
academy.openapi.yaml,POST,/api/finance/academy/schools/{schoolId}/sessions/{sessionId}/classes/{classId}/scores,,Fees
academy.openapi.yaml,POST,/api/finance/academy/schools/{schoolId}/sessions/{sessionId}/classes/{classId}/compute,,Fees
academy.openapi.yaml,GET,/api/finance/academy/schools/{schoolId}/promotions/{promotionId},,Fees
academy.openapi.yaml,POST,/api/finance/academy/schools/{schoolId}/promotions/{promotionId}/teacher-approval,,Fees
academy.openapi.yaml,POST,/api/finance/academy/schools/{schoolId}/promotions/{promotionId}/admin-approval,,Fees
academy.openapi.yaml,POST,/api/finance/academy/schools/{schoolId}/promotions/{promotionId}/apply,,Fees
academy.openapi.yaml,POST,/api/academy/admin/schools/{schoolId}/staff,,Fees
academy.openapi.yaml,DELETE,/api/academy/admin/schools/{schoolId}/staff,,Fees
academy.openapi.yaml,GET,/api/academy/admin/schools/{schoolId}/staff,,Fees
academy.openapi.yaml,POST,/api/finance/academy/hardship,,Fees
academy.openapi.yaml,GET,/api/finance/academy/hardship/{id},,Fees
academy.openapi.yaml,POST,/api/academy/admin/hardship/admin/{id}/approve,,Fees
academy.openapi.yaml,POST,/api/academy/admin/hardship/admin/{id}/deny,,Fees
academy.openapi.yaml,GET,/api/academy/admin/hardship/admin,,Fees
academy.openapi.yaml,POST,/api/finance/academy/vaults,,Fees
academy.openapi.yaml,GET,/api/finance/academy/vaults,,Fees
academy.openapi.yaml,GET,/api/finance/academy/vaults/{id},,Fees
academy.openapi.yaml,POST,/api/finance/academy/vaults/{id}/contribute,,Fees
academy.openapi.yaml,POST,/api/finance/academy/vaults/{id}/apply-to-invoice,,Fees
academy.openapi.yaml,POST,/api/finance/academy/vaults/{id}/withdraw,,Fees
academy.openapi.yaml,POST,/api/finance/academy/vaults/{id}/lock,,Fees
academy.openapi.yaml,POST,/api/finance/academy/vaults/{id}/unlock,,Fees
academy.openapi.yaml,POST,/api/finance/academy/scholarship/pledges,,Fees
academy.openapi.yaml,POST,/api/finance/academy/scholarship/pledges/{id}/fund,,Fees
academy.openapi.yaml,POST,/api/finance/academy/scholarship/pledges/{id}/apply,,Fees
academy.openapi.yaml,GET,/api/finance/academy/scholarship/pledges/{id},,Fees
academy.openapi.yaml,GET,/api/finance/academy/scholarship/pledges/{id}/awards,,Fees
academy.openapi.yaml,GET,/api/academy/admin/trust-score/{schoolId},,Fees
academy.openapi.yaml,POST,/api/academy/admin/trust-score/{schoolId}/override,,Fees
academy.openapi.yaml,GET,/api/finance/academy/competitions/{id}/leaderboard,,Fees
academy.openapi.yaml,POST,/api/academy/admin/competitions,,Fees
academy.openapi.yaml,POST,/api/academy/admin/competitions/{id}/transition,,Fees
academy.openapi.yaml,POST,/api/academy/admin/competitions/{id}/register,,Fees
academy.openapi.yaml,POST,/api/academy/admin/competitions/{id}/scores,,Fees
academy.openapi.yaml,POST,/api/finance/academy/payments/intent,,Fees
academy.openapi.yaml,POST,/api/finance/academy/payments/installment,,Fees
academy.openapi.yaml,GET,/api/academy/admin/fees/schools,,Fees
academy.openapi.yaml,GET,/api/academy/admin/fees/schools/{schoolId}/sessions,,Fees
academy.openapi.yaml,GET,/api/academy/admin/fees/schools/{schoolId}/classes,,Fees
academy.openapi.yaml,GET,/api/academy/admin/fees/sessions,,Fees
academy.openapi.yaml,GET,/api/academy/admin/fees/classes,,Fees
academy.openapi.yaml,GET,/api/academy/admin/fees/schedules,,Fees
academy.openapi.yaml,POST,/api/academy/admin/fees/schedules,,Fees
academy.openapi.yaml,POST,/api/academy/admin/fees/schedules/{id}/issue,,Fees
academy.openapi.yaml,GET,/api/academy/admin/fees/collections/overview,,Fees
academy.openapi.yaml,GET,/api/academy/admin/fees/invoices,,Fees
academy.openapi.yaml,GET,/api/academy/admin/fees/promotions,,Fees
academy.openapi.yaml,GET,/api/academy/admin/fees/competitions,,Fees
academy.openapi.yaml,GET,/api/academy/admin/fees/competitions/registrations,,Fees
academy.openapi.yaml,GET,/api/academy/admin/fees/gov-export/opt-ins,,Fees
academy.openapi.yaml,PATCH,/api/academy/admin/fees/gov-export/opt-ins,,Fees
academy.openapi.yaml,GET,/api/academy/admin/fees/roles,,Fees
academy.openapi.yaml,POST,/api/academy/admin/export/compliance,,Fees
academy.openapi.yaml,GET,/api/academy/admin/export/compliance/{schoolId},,Fees
academy.openapi.yaml,POST,/api/academy/admin/export/school-data,,Fees
academy.openapi.yaml,GET,/api/academy/admin/platform/schools,,Platform
academy.openapi.yaml,GET,/api/academy/admin/platform/verification-queue,,Platform
academy.openapi.yaml,POST,/api/academy/admin/platform/schools/{id}/verify,,Platform
academy.openapi.yaml,POST,/api/academy/admin/platform/verification-queue/{id}/review,,Platform
academy.openapi.yaml,GET,/api/academy/admin/platform/collections,,Platform
academy.openapi.yaml,GET,/api/academy/admin/platform/risk,,Platform
academy.openapi.yaml,GET,/api/academy/admin/platform/gov-sync,,Platform
academy.openapi.yaml,GET,/api/academy/admin/platform/compliance-exports,,Platform
academy.openapi.yaml,GET,/api/academy/admin/platform/competitions,,Platform
academy.openapi.yaml,GET,/api/academy/admin/platform/trust-scores,,Platform
academy.openapi.yaml,POST,/api/academy/admin/platform/trust-scores/{schoolId}/override,,Platform
academy.openapi.yaml,GET,/api/academy/admin/platform/scholarship-pledges,,Platform
academy.openapi.yaml,GET,/api/academy/admin/platform/support-tickets,,Platform
academy.openapi.yaml,GET,/api/academy/admin/platform/flags,,Platform
academy.openapi.yaml,PUT,/api/academy/admin/platform/flags,,Platform
academy.openapi.yaml,POST,/api/academy/admin/platform/flags/toggle,,Platform
academy.openapi.yaml,GET,/api/academy/admin/platform/audit-log,,Platform
academy.openapi.yaml,GET,/api/academy/admin/platform/compliance-posture,,Platform
associations.openapi.yaml,GET,/associations,,Discovery
associations.openapi.yaml,POST,/associations,,Admin
associations.openapi.yaml,GET,/associations/orgs/{id},,Discovery
associations.openapi.yaml,POST,/associations/invites/validate,,Join
associations.openapi.yaml,POST,/associations/access-codes/validate,,Join
associations.openapi.yaml,POST,/associations/apply,,Join
associations.openapi.yaml,GET,/associations/me/dashboard,,
associations.openapi.yaml,GET,/associations/me/card,,
associations.openapi.yaml,GET,/associations/me/profile,,
associations.openapi.yaml,PUT,/associations/me/profile,,Member
associations.openapi.yaml,GET,/associations/me/privacy,,
associations.openapi.yaml,PUT,/associations/me/privacy,,Member
associations.openapi.yaml,GET,/associations/me/activity,,
associations.openapi.yaml,GET,/associations/me/dues,,
associations.openapi.yaml,GET,/associations/me/admin-access,,
associations.openapi.yaml,GET,/associations/me/notification-prefs,,
associations.openapi.yaml,PUT,/associations/me/notification-prefs,,Settings
associations.openapi.yaml,GET,/associations/me/security,,
associations.openapi.yaml,PUT,/associations/me/security,,Settings
associations.openapi.yaml,GET,/associations/me/devices,,
associations.openapi.yaml,POST,/associations/me/devices,,Settings
associations.openapi.yaml,DELETE,/associations/me/devices/{id},,Settings
associations.openapi.yaml,GET,/associations/members,,Directory
associations.openapi.yaml,GET,/associations/members/{id},,Directory
associations.openapi.yaml,POST,/associations/dues/{invoiceId}/pay,,Dues
associations.openapi.yaml,GET,/associations/receipts/{receiptId},,Dues
associations.openapi.yaml,GET,/associations/announcements,,
associations.openapi.yaml,GET,/associations/announcements/{id},,Engagement
associations.openapi.yaml,POST,/associations/announcements/{id}/acknowledge,,Engagement
associations.openapi.yaml,GET,/associations/notifications,,
associations.openapi.yaml,POST,/associations/notifications/read,,
associations.openapi.yaml,GET,/associations/meetings,,
associations.openapi.yaml,GET,/associations/meetings/{id},,Meetings
associations.openapi.yaml,POST,/associations/meetings/{id}/rsvp,,Meetings
associations.openapi.yaml,POST,/associations/meetings/{id}/attendance,,Meetings
associations.openapi.yaml,GET,/associations/tasks,,Tasks
associations.openapi.yaml,GET,/associations/tasks/{id},,Tasks
associations.openapi.yaml,PATCH,/associations/tasks/{id},,Tasks
associations.openapi.yaml,GET,/associations/documents,,
associations.openapi.yaml,GET,/associations/documents/{id},,Documents
associations.openapi.yaml,POST,/associations/documents/{id}/acknowledge,,Documents
associations.openapi.yaml,GET,/associations/chat/threads,,
associations.openapi.yaml,GET,/associations/chat/threads/{id},,Chat
associations.openapi.yaml,POST,/associations/chat/threads/{id}/messages,,Chat
associations.openapi.yaml,POST,/associations/chat/threads/{id}/mute,,Chat
associations.openapi.yaml,GET,/associations/ai-notes,,
associations.openapi.yaml,POST,/associations/ai-notes,,AI Notes
associations.openapi.yaml,GET,/associations/ai-notes/{id},,AI Notes
associations.openapi.yaml,GET,/associations/ai-notes/{id}/status,,AI Notes
associations.openapi.yaml,POST,/associations/ai-notes/{id}/approve,,AI Notes
associations.openapi.yaml,POST,/associations/ai-notes/{id}/publish,,AI Notes
associations.openapi.yaml,POST,/associations/ai-notes/{noteId}/action-items/{itemId}/convert,,AI Notes
associations.openapi.yaml,GET,/associations/committees,,
associations.openapi.yaml,GET,/associations/committees/{id},,Community
associations.openapi.yaml,POST,/associations/committees/{id}/join,,Community
associations.openapi.yaml,GET,/associations/events,,
associations.openapi.yaml,GET,/associations/events/{id},,Community
associations.openapi.yaml,POST,/associations/events/{id}/rsvp,,Community
associations.openapi.yaml,POST,/associations/events/{id}/register,,Community
associations.openapi.yaml,POST,/associations/events/{id}/feedback,,Community
associations.openapi.yaml,GET,/associations/support/faqs,,
associations.openapi.yaml,GET,/associations/support/tickets,,
associations.openapi.yaml,POST,/associations/support/tickets,,Support
associations.openapi.yaml,GET,/associations/support/tickets/{id},,Support
associations.openapi.yaml,POST,/associations/support/tickets/{id}/messages,,Support
associations.openapi.yaml,GET,/associations/admin/organisations,,Admin
associations.openapi.yaml,GET,/associations/admin/organisations/{id},,Admin
associations.openapi.yaml,PATCH,/associations/admin/organisations/{id},,Admin
associations.openapi.yaml,GET,/associations/admin/organisations/{id}/settings,,Admin
associations.openapi.yaml,PUT,/associations/admin/organisations/{id}/settings,,Admin
associations.openapi.yaml,POST,/associations/admin/organisations/{id}/verify,,Admin
associations.openapi.yaml,POST,/associations/admin/organisations/{id}/unverify,,Admin
associations.openapi.yaml,POST,/associations/admin/organisations/{id}/publish,,Admin
associations.openapi.yaml,POST,/associations/admin/organisations/{id}/unpublish,,Admin
associations.openapi.yaml,POST,/associations/admin/organisations/{id}/suspend,,Admin
associations.openapi.yaml,POST,/associations/admin/organisations/{id}/restore,,Admin
associations.openapi.yaml,POST,/associations/admin/organisations/{id}/chapters,,Admin
associations.openapi.yaml,POST,/associations/admin/organisations/{id}/committees,,Admin
associations.openapi.yaml,POST,/associations/admin/organisations/{id}/categories,,Admin
associations.openapi.yaml,POST,/associations/admin/organisations/{id}/rules,,Admin
associations.openapi.yaml,PATCH,/associations/admin/chapters/{childId},,Admin
associations.openapi.yaml,DELETE,/associations/admin/chapters/{childId},,Admin
associations.openapi.yaml,PATCH,/associations/admin/committees/{childId},,Admin
associations.openapi.yaml,DELETE,/associations/admin/committees/{childId},,Admin
associations.openapi.yaml,PATCH,/associations/admin/categories/{childId},,Admin
associations.openapi.yaml,DELETE,/associations/admin/categories/{childId},,Admin
associations.openapi.yaml,PATCH,/associations/admin/rules/{childId},,Admin
associations.openapi.yaml,DELETE,/associations/admin/rules/{childId},,Admin
associations.openapi.yaml,GET,/associations/admin/organisations/{id}/announcements,,Admin
associations.openapi.yaml,POST,/associations/admin/organisations/{id}/announcements,,Admin
associations.openapi.yaml,PATCH,/associations/admin/announcements/{childId},,Admin
associations.openapi.yaml,DELETE,/associations/admin/announcements/{childId},,Admin
associations.openapi.yaml,GET,/associations/admin/organisations/{id}/meetings,,Admin
associations.openapi.yaml,POST,/associations/admin/organisations/{id}/meetings,,Admin
associations.openapi.yaml,PATCH,/associations/admin/meetings/{childId},,Admin
associations.openapi.yaml,DELETE,/associations/admin/meetings/{childId},,Admin
associations.openapi.yaml,POST,/associations/admin/meetings/{childId}/minutes,,Admin
associations.openapi.yaml,GET,/associations/admin/organisations/{id}/documents,,Admin
associations.openapi.yaml,POST,/associations/admin/organisations/{id}/documents,,Admin
associations.openapi.yaml,PATCH,/associations/admin/documents/{childId},,Admin
associations.openapi.yaml,DELETE,/associations/admin/documents/{childId},,Admin
associations.openapi.yaml,GET,/associations/admin/organisations/{id}/events,,Admin
associations.openapi.yaml,POST,/associations/admin/organisations/{id}/events,,Admin
associations.openapi.yaml,PATCH,/associations/admin/events/{childId},,Admin
associations.openapi.yaml,DELETE,/associations/admin/events/{childId},,Admin
associations.openapi.yaml,GET,/associations/admin/organisations/{id}/tasks,,Admin
associations.openapi.yaml,POST,/associations/admin/organisations/{id}/tasks,,Admin
associations.openapi.yaml,PATCH,/associations/admin/tasks/{childId},,Admin
associations.openapi.yaml,DELETE,/associations/admin/tasks/{childId},,Admin
associations.openapi.yaml,GET,/associations/admin/organisations/{id}/dues/runs,,Admin
associations.openapi.yaml,POST,/associations/admin/organisations/{id}/dues/run,,Admin
associations.openapi.yaml,POST,/associations/admin/invoices,,Admin
associations.openapi.yaml,GET,/associations/admin/audit-log,,Admin
associations.openapi.yaml,GET,/associations/admin/kpis,,
associations.openapi.yaml,GET,/associations/admin/approvals,,Admin
associations.openapi.yaml,GET,/associations/admin/approvals/{id},,Admin
associations.openapi.yaml,POST,/associations/admin/approvals/{id}/decision,,Admin
associations.openapi.yaml,GET,/associations/admin/finance,,
associations.openapi.yaml,GET,/associations/admin/finance/offline,,
associations.openapi.yaml,POST,/associations/admin/finance/offline/{id}/decision,,Admin
associations.openapi.yaml,POST,/associations/admin/import/preview,,Admin
associations.openapi.yaml,POST,/associations/admin/import/confirm,,Admin
associations.openapi.yaml,POST,/associations/admin/members/{id}/suspend,,Admin
associations.openapi.yaml,POST,/associations/admin/members/{id}/restore,,Admin
associations.openapi.yaml,POST,/associations/admin/members/{id}/transfer,,Admin
associations.openapi.yaml,POST,/associations/admin/members/{id}/role,,Admin
connect-phase1-safety.openapi.yaml,POST,/matches/{matchId}/conversation,,
connect-phase1-safety.openapi.yaml,GET,/conversations/{id}/messages,,
connect-phase1-safety.openapi.yaml,POST,/conversations/{id}/messages,,
connect-phase1-safety.openapi.yaml,POST,/safety/block,,
connect-phase1-safety.openapi.yaml,DELETE,/safety/block/{blockedId},,
connect-phase1-safety.openapi.yaml,GET,/safety/trusted-contacts,,
connect-phase1-safety.openapi.yaml,POST,/safety/trusted-contacts,,
connect-phase1-safety.openapi.yaml,DELETE,/safety/trusted-contacts/{id},,
connect-phase1-safety.openapi.yaml,POST,/date-plans,,
connect-phase1-safety.openapi.yaml,POST,/date-plans/{id}/share,,
connect-phase1-safety.openapi.yaml,POST,/date-plans/{id}/checkin,,
connect-phase1-safety.openapi.yaml,POST,/date-plans/{id}/feedback,,
connect-phase1-safety.openapi.yaml,POST,/ai/assist,,
connect-phase1-safety.openapi.yaml,GET,/moderation/conversations,,
connect-phase1-safety.openapi.yaml,PATCH,/moderation/conversations/{id},,
connect-phase1-safety.openapi.yaml,GET,/moderation/messages,,
connect-phase1-safety.openapi.yaml,GET,/moderation/decisions,,
connect-phase1-safety.openapi.yaml,POST,/moderation/decisions,,
connect-phase1-safety.openapi.yaml,GET,/scam-shield,,
connect-phase1.openapi.yaml,GET,/profile,,
connect-phase1.openapi.yaml,PATCH,/profile,,
connect-phase1.openapi.yaml,GET,/profile/modes,,
connect-phase1.openapi.yaml,PATCH,/profile/modes/{mode},,
connect-phase1.openapi.yaml,POST,/profile/media,,
connect-phase1.openapi.yaml,POST,/verification/selfie,,
connect-phase1.openapi.yaml,GET,/verification/status,,
connect-phase1.openapi.yaml,GET,/discovery,,
connect-phase1.openapi.yaml,POST,/likes,,
connect-phase1.openapi.yaml,GET,/matches,,
connect-phase1.openapi.yaml,GET,/search,,
connect-phase1.openapi.yaml,GET,/verification/status#admin,,
connect-phases-2to6.openapi.yaml,GET,/professional/profile,,
connect-phases-2to6.openapi.yaml,PATCH,/professional/profile,,
connect-phases-2to6.openapi.yaml,POST,/professional/verification,,
connect-phases-2to6.openapi.yaml,GET,/professional/discovery,,
connect-phases-2to6.openapi.yaml,POST,/professional/intro,,
connect-phases-2to6.openapi.yaml,POST,/professional/intro/{id}/respond,,
connect-phases-2to6.openapi.yaml,PATCH,/professional/business-card,,
connect-phases-2to6.openapi.yaml,GET,/professional/contacts,,
connect-phases-2to6.openapi.yaml,POST,/professional/contacts,,
connect-phases-2to6.openapi.yaml,POST,/professional/rooms,,
connect-phases-2to6.openapi.yaml,POST,/professional/rooms/{id}/join,,
connect-phases-2to6.openapi.yaml,POST,/professional/rooms/{id}/moderate,,
connect-phases-2to6.openapi.yaml,POST,/events/{id}/networking/opt-in,,
connect-phases-2to6.openapi.yaml,GET,/events/{id}/attendees,,
connect-phases-2to6.openapi.yaml,POST,/events/{id}/checkin,,
connect-phases-2to6.openapi.yaml,POST,/events/{id}/qr/scan,,
connect-phases-2to6.openapi.yaml,POST,/events/{id}/contacts,,
connect-phases-2to6.openapi.yaml,GET,/events/contacts,,
connect-phases-2to6.openapi.yaml,GET,/creator/profile,,
connect-phases-2to6.openapi.yaml,PATCH,/creator/profile,,
connect-phases-2to6.openapi.yaml,GET,/creator/portfolio,,
connect-phases-2to6.openapi.yaml,POST,/creator/portfolio,,
connect-phases-2to6.openapi.yaml,POST,/creator/verification,,
connect-phases-2to6.openapi.yaml,PATCH,/creator/fan-messages,,
connect-phases-2to6.openapi.yaml,GET,/creator/collab-requests,,
connect-phases-2to6.openapi.yaml,POST,/creator/collab-requests,,
connect-phases-2to6.openapi.yaml,POST,/creator/collab-requests/{id}/respond,,
connect-phases-2to6.openapi.yaml,GET,/plans,,
connect-phases-2to6.openapi.yaml,POST,/subscriptions,,
connect-phases-2to6.openapi.yaml,POST,/boosts,,
connect-phases-2to6.openapi.yaml,POST,/passes,,
connect-phases-2to6.openapi.yaml,GET,/entitlements,,
connect-phases-2to6.openapi.yaml,POST,/date-plans/{id}/ride,,
connect-phases-2to6.openapi.yaml,POST,/date-plans/{id}/tickets,,
connect-phases-2to6.openapi.yaml,POST,/admin/business/verification,,
connect-phases-2to6.openapi.yaml,GET,/admin/creator/verification,,
connect-phases-2to6.openapi.yaml,POST,/admin/creator/verification,,
connect-phases-2to6.openapi.yaml,POST,/plans-admin,,
connect-phases-2to6.openapi.yaml,GET,/orders,,
doctor.openapi.yaml,GET,/doctor/profile,,doctor-mvp
doctor.openapi.yaml,GET,/doctor/verification,,doctor-mvp
doctor.openapi.yaml,POST,/doctor/verification,,doctor-mvp
doctor.openapi.yaml,GET,/doctor/availability,,doctor-mvp
doctor.openapi.yaml,PUT,/doctor/availability,,doctor-mvp
doctor.openapi.yaml,GET,/doctor/appointments,,doctor-mvp
doctor.openapi.yaml,GET,/doctor/appointments/{id},,doctor-mvp
doctor.openapi.yaml,POST,/doctor/appointments/{appointmentId}/status,,doctor-mvp
doctor.openapi.yaml,GET,/doctor/appointments/{appointmentId}/notes,,doctor-mvp
doctor.openapi.yaml,POST,/doctor/appointments/{appointmentId}/notes,,doctor-mvp
doctor.openapi.yaml,GET,/doctor/appointments/{appointmentId}/hmo-eligibility,,doctor-mvp
doctor.openapi.yaml,GET,/doctor/patients/{patientId},,doctor-mvp
doctor.openapi.yaml,GET,/doctor/chat/threads,,doctor-mvp
doctor.openapi.yaml,GET,/doctor/chat/{threadId}/messages,,doctor-mvp
doctor.openapi.yaml,POST,/doctor/chat/{threadId}/messages,,doctor-mvp
doctor.openapi.yaml,GET,/doctor/calls/{appointmentId},,doctor-mvp
doctor.openapi.yaml,GET,/doctor/prescriptions,,doctor-mvp
doctor.openapi.yaml,POST,/doctor/prescriptions,,doctor-mvp
doctor.openapi.yaml,GET,/doctor/prescriptions/{id},,doctor-mvp
doctor.openapi.yaml,GET,/doctor/lab-orders,,doctor-mvp
doctor.openapi.yaml,POST,/doctor/lab-orders,,doctor-mvp
doctor.openapi.yaml,GET,/doctor/lab-orders/{orderId}/result,,doctor-mvp
doctor.openapi.yaml,POST,/doctor/lab-results/{resultId}/review,,doctor-mvp
doctor.openapi.yaml,GET,/doctor/earnings,,doctor-mvp
doctor.openapi.yaml,GET,/doctor/payouts,,doctor-batch6
doctor.openapi.yaml,POST,/doctor/payouts,,doctor-mvp
doctor.openapi.yaml,GET,/doctor/notifications,,doctor-mvp
doctor.openapi.yaml,GET,/doctor/support/tickets,,doctor-mvp
doctor.openapi.yaml,POST,/doctor/support/tickets,,doctor-mvp
doctor.openapi.yaml,GET,/doctor/settings,,doctor-mvp
doctor.openapi.yaml,PUT,/doctor/settings,,doctor-mvp
doctor.openapi.yaml,GET,/doctor/pharmacy/fulfilments,,doctor-phase2
doctor.openapi.yaml,GET,/doctor/pharmacy/fulfilments/{id},,doctor-phase2
doctor.openapi.yaml,GET,/doctor/pharmacy/fulfilments/{fulfilmentId}/delivery,,doctor-phase2
doctor.openapi.yaml,POST,/doctor/pharmacy/fulfilments/{fulfilmentId}/substitute,,doctor-phase2
doctor.openapi.yaml,GET,/doctor/drug-deliveries,,doctor-phase2
doctor.openapi.yaml,GET,/doctor/refills,,doctor-phase2
doctor.openapi.yaml,GET,/doctor/refills/{id},,doctor-phase2
doctor.openapi.yaml,POST,/doctor/refills/{refillId}/review,,doctor-phase2
doctor.openapi.yaml,GET,/doctor/specialists,,doctor-phase2
doctor.openapi.yaml,GET,/doctor/referrals,,doctor-phase2
doctor.openapi.yaml,POST,/doctor/referrals,,doctor-phase2
doctor.openapi.yaml,GET,/doctor/referrals/{id},,doctor-phase2
doctor.openapi.yaml,GET,/doctor/patients/{patientId}/record-hub,,doctor-phase2
doctor.openapi.yaml,GET,/doctor/hmo/claims,,doctor-phase2
doctor.openapi.yaml,POST,/doctor/hmo/claims,,doctor-phase2
doctor.openapi.yaml,GET,/doctor/hmo/claims/{id},,doctor-phase2
doctor.openapi.yaml,POST,/doctor/hmo/claims/{claimId}/dispute,,doctor-phase2
doctor.openapi.yaml,GET,/doctor/follow-ups,,doctor-phase2
doctor.openapi.yaml,POST,/doctor/follow-ups,,doctor-phase2
doctor.openapi.yaml,GET,/doctor/follow-ups/{id},,doctor-phase2
doctor.openapi.yaml,POST,/doctor/follow-ups/{followUpId}/review,,doctor-phase2
doctor.openapi.yaml,GET,/doctor/reputation,,doctor-phase2
doctor.openapi.yaml,GET,/doctor/payout-report,,doctor-phase2
doctor.openapi.yaml,GET,/doctor/compliance,,doctor-phase2
doctor.openapi.yaml,POST,/doctor/compliance/policies/{policyKey}/ack,,doctor-phase2
doctor.openapi.yaml,POST,/doctor/reviews/{reviewId}/report,,doctor-phase2
doctor.openapi.yaml,GET,/doctor/vet/dashboard,,
doctor.openapi.yaml,GET,/doctor/vet/pets/{petId},,doctor-phase3
doctor.openapi.yaml,GET,/doctor/vet/pets/{petId}/prescription,,doctor-phase3
doctor.openapi.yaml,GET,/doctor/vet/lab-orders,,
doctor.openapi.yaml,POST,/doctor/vet/lab-orders,,doctor-phase3
doctor.openapi.yaml,GET,/doctor/vet/lab-orders/{orderId}/result,,doctor-phase3
doctor.openapi.yaml,GET,/doctor/vet/products,,
doctor.openapi.yaml,GET,/doctor/vet/pets/{petId}/recommendations,,doctor-phase3
doctor.openapi.yaml,POST,/doctor/vet/mode,,doctor-phase3
doctor.openapi.yaml,POST,/doctor/vet/prescriptions,,doctor-phase3
doctor.openapi.yaml,POST,/doctor/vet/lab-results/{resultId}/review,,doctor-phase3
doctor.openapi.yaml,POST,/doctor/vet/recommendations,,doctor-phase3
doctor.openapi.yaml,GET,/doctor/analytics/quality,,
doctor.openapi.yaml,GET,/doctor/clinics,,
doctor.openapi.yaml,POST,/doctor/clinics/active,,doctor-phase3
doctor.openapi.yaml,PATCH,/doctor/clinics/{clinicId}/schedule,,doctor-phase3
doctor.openapi.yaml,GET,/doctor/ai/note-summary/{appointmentId},,doctor-phase3
doctor.openapi.yaml,POST,/doctor/ai/note-summary,,doctor-phase3
doctor.openapi.yaml,POST,/doctor/ai/note-summary/accept,,doctor-phase3
doctor.openapi.yaml,GET,/doctor/ai/rx-safety/{id},,doctor-phase3
doctor.openapi.yaml,POST,/doctor/ai/rx-safety,,doctor-phase3
doctor.openapi.yaml,GET,/doctor/ai/lab-explanation/{resultId},,doctor-phase3
doctor.openapi.yaml,POST,/doctor/ai/lab-explanation,,doctor-phase3
doctor.openapi.yaml,GET,/doctor/profile/draft,,
doctor.openapi.yaml,PUT,/doctor/profile/draft,,doctor-profile
doctor.openapi.yaml,POST,/doctor/uploads/presign,,doctor-profile
doctor.openapi.yaml,GET,/doctor/profile/documents,,
doctor.openapi.yaml,POST,/doctor/profile/documents,,doctor-profile
doctor.openapi.yaml,POST,/doctor/profile/photo,,doctor-profile
doctor.openapi.yaml,POST,/doctor/profile/bank-account,,doctor-profile
doctor.openapi.yaml,PUT,/doctor/profile/tax-info,,doctor-profile
doctor.openapi.yaml,POST,/doctor/profile/publish,,doctor-profile
doctor.openapi.yaml,GET,/doctor/licence/expiry-warning,,
doctor.openapi.yaml,POST,/doctor/licence/renew,,doctor-profile
doctor.openapi.yaml,GET,/doctor/verification/decision,,
doctor.openapi.yaml,GET,/doctor/onboarding/slides,,
doctor.openapi.yaml,GET,/doctor/onboarding/merchant-upgrade,,
doctor.openapi.yaml,POST,/doctor/onboarding/merchant-upgrade,,doctor-onboarding
doctor.openapi.yaml,POST,/doctor/onboarding/provider-type,,doctor-onboarding
doctor.openapi.yaml,GET,/doctor/onboarding/legal,,doctor-onboarding
doctor.openapi.yaml,GET,/doctor/onboarding/consents,,
doctor.openapi.yaml,POST,/doctor/onboarding/consents,,doctor-onboarding
doctor.openapi.yaml,GET,/doctor/onboarding/permissions,,
doctor.openapi.yaml,POST,/doctor/onboarding/permissions,,doctor-onboarding
doctor.openapi.yaml,GET,/doctor/vet/profile/draft,,
doctor.openapi.yaml,PUT,/doctor/vet/profile/draft,,doctor-batch1
doctor.openapi.yaml,GET,/doctor/vet/profile/documents,,
doctor.openapi.yaml,GET,/doctor/vet/verification,,
doctor.openapi.yaml,POST,/doctor/vet/verification,,doctor-batch1
doctor.openapi.yaml,POST,/doctor/vet/licence/renew,,doctor-batch1
doctor.openapi.yaml,POST,/doctor/vet/profile/publish,,doctor-batch1
doctor.openapi.yaml,GET,/doctor/dashboard,,
doctor.openapi.yaml,GET,/doctor/announcements/latest,,
doctor.openapi.yaml,POST,/doctor/announcements/{announcementId}/dismiss,,doctor-batch1
doctor.openapi.yaml,PUT,/doctor/presence,,doctor-batch1
doctor.openapi.yaml,GET,/doctor/schedule,,
doctor.openapi.yaml,GET,/doctor/schedule/blocked-dates,,
doctor.openapi.yaml,POST,/doctor/schedule/blocked-dates,,doctor-batch1
doctor.openapi.yaml,PUT,/doctor/schedule/vacation,,doctor-batch1
doctor.openapi.yaml,PUT,/doctor/schedule/emergency,,doctor-batch1
doctor.openapi.yaml,PUT,/doctor/schedule/reminders,,doctor-batch1
doctor.openapi.yaml,PUT,/doctor/schedule/recurring,,doctor-batch1
doctor.openapi.yaml,PUT,/doctor/schedule/timezone,,doctor-batch1
doctor.openapi.yaml,GET,/doctor/queue,,
doctor.openapi.yaml,GET,/doctor/appointment-requests,,
doctor.openapi.yaml,GET,/doctor/appointment-requests/{id},,doctor-batch1
doctor.openapi.yaml,POST,/doctor/appointments/{appointmentId}/accept,,doctor-batch1
doctor.openapi.yaml,POST,/doctor/appointments/{appointmentId}/reject,,doctor-batch1
doctor.openapi.yaml,POST,/doctor/appointments/{appointmentId}/request-reschedule,,doctor-batch1
doctor.openapi.yaml,POST,/doctor/appointments/{appointmentId}/reschedule,,doctor-batch1
doctor.openapi.yaml,POST,/doctor/appointments/{appointmentId}/cancel,,doctor-batch1
doctor.openapi.yaml,POST,/doctor/appointments/{appointmentId}/start,,doctor-batch1
doctor.openapi.yaml,POST,/doctor/appointments/{appointmentId}/end,,doctor-batch1
doctor.openapi.yaml,POST,/doctor/appointments/{appointmentId}/no-show,,doctor-batch1
doctor.openapi.yaml,GET,/doctor/patients/{patientId}/full-profile,,doctor-batch2
doctor.openapi.yaml,GET,/doctor/chat/{threadId}/rich-messages,,doctor-batch2
doctor.openapi.yaml,GET,/doctor/chat/{threadId}/state,,doctor-batch2
doctor.openapi.yaml,GET,/doctor/chat/{threadId}/presence,,doctor-batch2
doctor.openapi.yaml,GET,/doctor/chat/{threadId}/transcript,,doctor-batch2
doctor.openapi.yaml,POST,/doctor/chat/{threadId}/voice,,doctor-batch2
doctor.openapi.yaml,POST,/doctor/chat/{threadId}/attachments,,doctor-batch2
doctor.openapi.yaml,POST,/doctor/chat/{threadId}/share,,doctor-batch2
doctor.openapi.yaml,POST,/doctor/chat/{threadId}/escalate,,doctor-batch2
doctor.openapi.yaml,POST,/doctor/chat/{threadId}/end,,doctor-batch2
doctor.openapi.yaml,PUT,/doctor/chat/messages/{messageId}/annotations,,doctor-batch2
doctor.openapi.yaml,POST,/doctor/chat/messages/{messageId}/report,,doctor-batch2
doctor.openapi.yaml,GET,/doctor/calls/{appointmentId}/rich,,doctor-batch2
doctor.openapi.yaml,GET,/doctor/calls/{appointmentId}/pre-check,,doctor-batch2
doctor.openapi.yaml,GET,/doctor/calls/disputes,,
doctor.openapi.yaml,POST,/doctor/calls/{appointmentId}/join,,doctor-batch2
doctor.openapi.yaml,POST,/doctor/calls/{appointmentId}/leave,,doctor-batch2
doctor.openapi.yaml,POST,/doctor/calls/{appointmentId}/token,,doctor-batch2
doctor.openapi.yaml,GET,/doctor/ws,,doctor-batch2
doctor.openapi.yaml,POST,/doctor/calls/{appointmentId}/switch-provider,,doctor-batch2
doctor.openapi.yaml,POST,/doctor/calls/{appointmentId}/feedback,,doctor-batch2
doctor.openapi.yaml,POST,/doctor/calls/{appointmentId}/dispute,,doctor-batch2
doctor.openapi.yaml,POST,/doctor/support/technical,,doctor-batch2
doctor.openapi.yaml,GET,/doctor/appointments/{appointmentId}/clinical-note,,doctor-batch2
doctor.openapi.yaml,PUT,/doctor/appointments/{appointmentId}/clinical-note,,doctor-batch2
doctor.openapi.yaml,POST,/doctor/clinical-notes/{noteId}/finalize,,doctor-batch2
doctor.openapi.yaml,POST,/doctor/clinical-notes/{noteId}/share,,doctor-batch2
doctor.openapi.yaml,GET,/doctor/prescriptions/{id}/issued,,doctor-batch3
doctor.openapi.yaml,POST,/doctor/prescriptions/{prescriptionId}/issue,,doctor-batch3
doctor.openapi.yaml,POST,/doctor/prescriptions/{prescriptionId}/cancel,,doctor-batch3
doctor.openapi.yaml,POST,/doctor/prescriptions/{prescriptionId}/share,,doctor-batch3
doctor.openapi.yaml,POST,/doctor/prescriptions/{prescriptionId}/send-to-pharmacy,,doctor-batch3
doctor.openapi.yaml,POST,/doctor/prescriptions/{prescriptionId}/refill-consultation,,doctor-batch3
doctor.openapi.yaml,POST,/doctor/prescriptions/{prescriptionId}/pharmacy,,doctor-batch3
doctor.openapi.yaml,GET,/doctor/pharmacies,,
doctor.openapi.yaml,GET,/doctor/pharmacies/preferred,,
doctor.openapi.yaml,GET,/doctor/pharmacies/{pharmacyId}/stock,,doctor-batch3
doctor.openapi.yaml,POST,/doctor/pharmacies/{pharmacyId}/report,,doctor-batch3
doctor.openapi.yaml,GET,/doctor/pharmacy/{fulfilmentId}/messages,,doctor-batch3
doctor.openapi.yaml,POST,/doctor/pharmacy/{fulfilmentId}/messages,,doctor-batch3
doctor.openapi.yaml,POST,/doctor/pharmacy/{fulfilmentId}/received,,doctor-batch3
doctor.openapi.yaml,GET,/doctor/delivery-alerts,,
doctor.openapi.yaml,GET,/doctor/lab-catalogue,,
doctor.openapi.yaml,GET,/doctor/lab-packages,,
doctor.openapi.yaml,GET,/doctor/lab-providers,,
doctor.openapi.yaml,GET,/doctor/lab-orders/{orderId}/rich,,doctor-batch3
doctor.openapi.yaml,POST,/doctor/lab-orders/{orderId}/share,,doctor-batch3
doctor.openapi.yaml,POST,/doctor/lab-orders/{orderId}/cancel,,doctor-batch3
doctor.openapi.yaml,GET,/doctor/lab-results/inbox,,
doctor.openapi.yaml,GET,/doctor/lab-results/{resultId}/rich,,doctor-batch3
doctor.openapi.yaml,GET,/doctor/lab-results/{resultId}/comparisons,,doctor-batch3
doctor.openapi.yaml,PUT,/doctor/lab-results/{resultId}/interpretation,,doctor-batch3
doctor.openapi.yaml,POST,/doctor/lab-results/{resultId}/share-explanation,,doctor-batch3
doctor.openapi.yaml,POST,/doctor/lab-results/{resultId}/report,,doctor-batch3
doctor.openapi.yaml,GET,/doctor/hmo/coverage/{patientId},,doctor-batch4
doctor.openapi.yaml,GET,/doctor/hmo/pre-auth,,
doctor.openapi.yaml,POST,/doctor/hmo/pre-auth,,doctor-batch4
doctor.openapi.yaml,GET,/doctor/hmo/pre-auth/{id},,doctor-batch4
doctor.openapi.yaml,GET,/doctor/hmo/covered-services,,
doctor.openapi.yaml,GET,/doctor/hmo/support/{threadId},,doctor-batch4
doctor.openapi.yaml,POST,/doctor/hmo/support/{threadId}/messages,,doctor-batch4
doctor.openapi.yaml,GET,/doctor/hmo/fraud-warnings,,
doctor.openapi.yaml,POST,/doctor/hmo/fraud-warnings/{warningId}/ack,,doctor-batch4
doctor.openapi.yaml,GET,/doctor/referrals/incoming,,
doctor.openapi.yaml,GET,/doctor/referrals/incoming/{id},,doctor-batch4
doctor.openapi.yaml,POST,/doctor/referrals/incoming/{referralId}/accept,,doctor-batch4
doctor.openapi.yaml,POST,/doctor/referrals/incoming/{referralId}/reject,,doctor-batch4
doctor.openapi.yaml,GET,/doctor/opinions,,
doctor.openapi.yaml,POST,/doctor/opinions,,doctor-batch4
doctor.openapi.yaml,GET,/doctor/opinions/{id},,doctor-batch4
doctor.openapi.yaml,GET,/doctor/care-team/{threadId},,doctor-batch4
doctor.openapi.yaml,POST,/doctor/care-team/{threadId}/messages,,doctor-batch4
doctor.openapi.yaml,GET,/doctor/case-summaries/{caseRef},,doctor-batch4
doctor.openapi.yaml,GET,/doctor/patients/{patientId}/follow-up-eligibility,,doctor-batch4
doctor.openapi.yaml,GET,/doctor/care-plans,,
doctor.openapi.yaml,POST,/doctor/care-plans,,doctor-batch4
doctor.openapi.yaml,GET,/doctor/care-plans/{id},,doctor-batch4
doctor.openapi.yaml,GET,/doctor/chronic-monitoring,,
doctor.openapi.yaml,GET,/doctor/adherence-checks,,
doctor.openapi.yaml,POST,/doctor/adherence-checks,,doctor-batch4
doctor.openapi.yaml,POST,/doctor/follow-ups/{followUpId}/reminder,,doctor-batch4
doctor.openapi.yaml,POST,/doctor/follow-ups/{followUpId}/complete,,doctor-batch4
doctor.openapi.yaml,GET,/doctor/emergency/facilities,,
doctor.openapi.yaml,GET,/doctor/red-flag-alerts,,
doctor.openapi.yaml,GET,/doctor/emergency/escalations,,
doctor.openapi.yaml,GET,/doctor/emergency/cases,,
doctor.openapi.yaml,POST,/doctor/emergency/cases,,doctor-batch4
doctor.openapi.yaml,GET,/doctor/emergency/cases/{id},,doctor-batch4
doctor.openapi.yaml,POST,/doctor/emergency/escalate/hospital,,doctor-batch4
doctor.openapi.yaml,POST,/doctor/emergency/escalate/ambulance,,doctor-batch4
doctor.openapi.yaml,POST,/doctor/emergency/contacts/{patientId}/notify,,doctor-batch4
doctor.openapi.yaml,GET,/doctor/vet/appointments,,
doctor.openapi.yaml,GET,/doctor/vet/owner-requests,,
doctor.openapi.yaml,GET,/doctor/vet/pets/{petId}/chat,,doctor-batch5
doctor.openapi.yaml,GET,/doctor/vet/pets/{petId}/call,,doctor-batch5
doctor.openapi.yaml,GET,/doctor/vet/pets/{petId}/soap-note,,doctor-batch5
doctor.openapi.yaml,GET,/doctor/vet/pets/{petId}/emergency-warnings,,doctor-batch5
doctor.openapi.yaml,GET,/doctor/vet/specialists,,
doctor.openapi.yaml,GET,/doctor/vet/pets/{petId}/referrals,,doctor-batch5
doctor.openapi.yaml,GET,/doctor/vet/consults/{consultId}/summary,,doctor-batch5
doctor.openapi.yaml,GET,/doctor/vet/consults/history,,
doctor.openapi.yaml,GET,/doctor/vet/pharmacies,,
doctor.openapi.yaml,GET,/doctor/vet/prescriptions/{prescriptionId}/issued,,doctor-batch5
doctor.openapi.yaml,GET,/doctor/vet/refills,,
doctor.openapi.yaml,POST,/doctor/vet/refills,,doctor-batch5
doctor.openapi.yaml,GET,/doctor/vet/lab-catalogue,,
doctor.openapi.yaml,GET,/doctor/vet/lab-results/inbox,,
doctor.openapi.yaml,GET,/doctor/vet/pets/{petId}/vaccination-recommendations,,doctor-batch5
doctor.openapi.yaml,GET,/doctor/vet/pets/{petId}/vaccination-reminders,,doctor-batch5
doctor.openapi.yaml,GET,/doctor/vet/pets/{petId}/health-record,,doctor-batch5
doctor.openapi.yaml,GET,/doctor/vet/pets/{petId}/growth,,doctor-batch5
doctor.openapi.yaml,POST,/doctor/vet/pets/{petId}/growth,,doctor-batch5
doctor.openapi.yaml,GET,/doctor/vet/pets/{petId}/chronic-monitoring,,doctor-batch5
doctor.openapi.yaml,POST,/doctor/vet/pets/{petId}/chronic-monitoring,,doctor-batch5
doctor.openapi.yaml,GET,/doctor/vet/products/{productId},,doctor-batch5
doctor.openapi.yaml,GET,/doctor/vet/product-fulfilments,,
doctor.openapi.yaml,GET,/doctor/vet/product-fulfilments/{id},,doctor-batch5
doctor.openapi.yaml,POST,/doctor/vet/requests/{requestId}/respond,,doctor-batch5
doctor.openapi.yaml,POST,/doctor/vet/soap-notes,,doctor-batch5
doctor.openapi.yaml,POST,/doctor/vet/referrals,,doctor-batch5
doctor.openapi.yaml,POST,/doctor/vet/prescriptions/{prescriptionId}/issue,,doctor-batch5
doctor.openapi.yaml,POST,/doctor/vet/prescriptions/{prescriptionId}/send,,doctor-batch5
doctor.openapi.yaml,POST,/doctor/vet/refills/{refillId}/review,,doctor-batch5
doctor.openapi.yaml,POST,/doctor/vet/lab-results/{resultId}/interpretation,,doctor-batch5
doctor.openapi.yaml,POST,/doctor/vet/vaccination-reminders,,doctor-batch5
doctor.openapi.yaml,POST,/doctor/vet/recommendations/{recommendationId}/share,,doctor-batch5
doctor.openapi.yaml,GET,/doctor/records/dashboard,,
doctor.openapi.yaml,GET,/doctor/records/{patientId}/index,,doctor-batch6
doctor.openapi.yaml,GET,/doctor/records/{patientId}/restrictions,,doctor-batch6
doctor.openapi.yaml,GET,/doctor/records/{patientId}/restricted-warnings,,doctor-batch6
doctor.openapi.yaml,GET,/doctor/records/shares,,
doctor.openapi.yaml,POST,/doctor/records/{patientId}/export,,doctor-batch6
doctor.openapi.yaml,POST,/doctor/records/{patientId}/share,,doctor-batch6
doctor.openapi.yaml,POST,/doctor/records/{patientId}/access-request,,doctor-batch6
doctor.openapi.yaml,GET,/doctor/notifications/groups,,
doctor.openapi.yaml,GET,/doctor/notifications/preferences,,
doctor.openapi.yaml,PUT,/doctor/notifications/preferences,,doctor-batch6
doctor.openapi.yaml,POST,/doctor/notifications/{notificationId}/read,,doctor-batch6
doctor.openapi.yaml,POST,/doctor/notifications/read-all,,doctor-batch6
doctor.openapi.yaml,GET,/doctor/earnings/breakdown,,
doctor.openapi.yaml,GET,/doctor/earnings/commission,,
doctor.openapi.yaml,GET,/doctor/earnings/tax-vat,,
doctor.openapi.yaml,GET,/doctor/wallet/balance,,
doctor.openapi.yaml,GET,/doctor/payouts/{id},,doctor-batch6
doctor.openapi.yaml,GET,/doctor/payouts/disputes,,
doctor.openapi.yaml,POST,/doctor/payouts/{payoutId}/dispute,,doctor-batch6
doctor.openapi.yaml,PUT,/doctor/payout-account,,doctor-batch6
doctor.openapi.yaml,GET,/doctor/invoices,,
doctor.openapi.yaml,GET,/doctor/feedback,,
doctor.openapi.yaml,GET,/doctor/quality/score,,
doctor.openapi.yaml,GET,/doctor/quality/ranking,,
doctor.openapi.yaml,GET,/doctor/quality/recommendations,,
doctor.openapi.yaml,GET,/doctor/reviews/disputes,,
doctor.openapi.yaml,POST,/doctor/reviews/{reviewId}/dispute,,doctor-batch6
doctor.openapi.yaml,POST,/doctor/reviews/{reviewId}/removal-request,,doctor-batch6
doctor.openapi.yaml,GET,/doctor/support/faqs,,
doctor.openapi.yaml,GET,/doctor/support/help-articles,,
doctor.openapi.yaml,GET,/doctor/disputes,,
doctor.openapi.yaml,POST,/doctor/disputes,,doctor-batch7
doctor.openapi.yaml,GET,/doctor/disputes/{id},,doctor-batch7
doctor.openapi.yaml,POST,/doctor/disputes/{disputeId}/evidence,,doctor-batch7
doctor.openapi.yaml,GET,/doctor/support/{threadId}/messages,,doctor-batch7
doctor.openapi.yaml,POST,/doctor/support/{threadId}/messages,,doctor-batch7
doctor.openapi.yaml,GET,/doctor/vet/licence,,
doctor.openapi.yaml,GET,/doctor/privacy,,
doctor.openapi.yaml,PUT,/doctor/privacy,,doctor-batch7
doctor.openapi.yaml,POST,/doctor/privacy/export,,doctor-batch7
doctor.openapi.yaml,POST,/doctor/privacy/delete,,doctor-batch7
doctor.openapi.yaml,GET,/doctor/audit-trail,,
doctor.openapi.yaml,GET,/doctor/training,,
doctor.openapi.yaml,POST,/doctor/training/{moduleId}/complete,,doctor-batch7
doctor.openapi.yaml,GET,/doctor/safety-issues,,
doctor.openapi.yaml,POST,/doctor/safety-issues,,doctor-batch7
doctor.openapi.yaml,GET,/doctor/account/review-notice,,
doctor.openapi.yaml,GET,/doctor/account/status,,
doctor.openapi.yaml,GET,/doctor/security,,
doctor.openapi.yaml,POST,/doctor/security/password,,doctor-batch7
doctor.openapi.yaml,PUT,/doctor/security/biometric,,doctor-batch7
doctor.openapi.yaml,PUT,/doctor/security/2fa,,doctor-batch7
doctor.openapi.yaml,GET,/doctor/security/devices,,
doctor.openapi.yaml,DELETE,/doctor/security/devices/{deviceId},,doctor-batch7
doctor.openapi.yaml,GET,/doctor/preferences,,
doctor.openapi.yaml,PUT,/doctor/preferences,,doctor-batch7
doctor.openapi.yaml,GET,/doctor/app-status,,
doctor.openapi.yaml,POST,/doctor/auth/logout,,doctor-batch7
estate.openapi.yaml,GET,/estate/dues,listDues,Dues
estate.openapi.yaml,POST,/estate/dues/{id}/pay,payDues,Dues
estate.openapi.yaml,GET,/estate/meetings,listMeetings,Meetings
estate.openapi.yaml,POST,/estate/meetings,createMeeting,Meetings
estate.openapi.yaml,GET,/estate/meetings/{id},getMeeting,Meetings
estate.openapi.yaml,POST,/estate/meetings/{id}/rsvp,rsvpMeeting,Meetings
estate.openapi.yaml,GET,/estate/meetings/{id}/minutes,getMeetingMinutes,Meetings
estate.openapi.yaml,GET,/estate/tasks,listTasks,Tasks
estate.openapi.yaml,POST,/estate/tasks,createTask,Tasks
estate.openapi.yaml,GET,/estate/tasks/{id},getTask,Tasks
estate.openapi.yaml,POST,/estate/tasks/{id}/status,updateTaskStatus,Tasks
estate.openapi.yaml,GET,/estate/repairs,listRepairs,Maintenance
estate.openapi.yaml,POST,/estate/repairs,createRepair,Maintenance
estate.openapi.yaml,GET,/estate/repairs/{id},getRepair,Maintenance
estate.openapi.yaml,POST,/estate/repairs/{id}/updates,addRepairUpdate,Maintenance
estate.openapi.yaml,GET,/estate/facilities,listFacilities,Facilities
estate.openapi.yaml,GET,/estate/facilities/bookings,listMyBookings,Facilities
estate.openapi.yaml,POST,/estate/facilities/bookings,createBooking,Facilities
estate.openapi.yaml,POST,/estate/facilities/bookings/{id}/cancel,cancelBooking,Facilities
estate.openapi.yaml,GET,/estate/announcements,listAnnouncements,Announcements
estate.openapi.yaml,POST,/estate/announcements,createAnnouncement,Announcements
estate.openapi.yaml,GET,/estate/announcements/{id},getAnnouncement,Announcements
estate.openapi.yaml,POST,/estate/announcements/{id}/read,markAnnouncementRead,Announcements
estate.openapi.yaml,GET,/estate/emergencies,listEmergencies,Emergencies
estate.openapi.yaml,POST,/estate/emergencies,createEmergency,Emergencies
estate.openapi.yaml,POST,/estate/emergencies/{id}/resolve,resolveEmergency,Emergencies
estate.openapi.yaml,GET,/estate/documents,listDocuments,Documents
estate.openapi.yaml,POST,/estate/documents,createDocument,Documents
estate.openapi.yaml,GET,/estate/vendors,listVendors,Vendors
estate.openapi.yaml,GET,/estate/vendors/jobs,listVendorJobs,Vendors
estate.openapi.yaml,POST,/estate/vendors/jobs/{id}/status,updateVendorJobStatus,Vendors
estate.openapi.yaml,GET,/estate/vendors/self/earnings,getVendorSelfEarnings,Vendors
estate.openapi.yaml,POST,/estate/vendors/self/jobs/{id}/quote,submitVendorJobQuote,Vendors
estate.openapi.yaml,POST,/estate/vendors/self/onboard,onboardVendor,Vendors
estate.openapi.yaml,GET,/estate/ai-notes,listAiNotes,AINotes
estate.openapi.yaml,POST,/estate/ai-notes/generate,generateAiNoteFromMeeting,AINotes
estate.openapi.yaml,GET,/estate/finance,getFinanceDashboard,Finance
estate.openapi.yaml,GET,/estate/admin/summary,getAdminSummary,EstateAdmin
estate.openapi.yaml,GET,/estate/notifications,listNotifications,Notifications
estate.openapi.yaml,POST,/estate/notifications/{id}/read,markNotificationRead,Notifications
estate.openapi.yaml,POST,/estate/notifications/read-all,markAllNotificationsRead,Notifications
estate.openapi.yaml,GET,/estate/reports,getReports,Reports
estate.openapi.yaml,GET,/estate/analytics/{type},getAnalytics,Reports
estate.openapi.yaml,GET,/estate/properties,listProperties,Properties
estate.openapi.yaml,GET,/estate/settings,getMemberSettings,EstateSettings
estate.openapi.yaml,PATCH,/estate/settings,updateMemberSettings,EstateSettings
intake.openapi.yaml,GET,/health/intake/appointments/{appointmentId},intakeGetBundle,Intake
intake.openapi.yaml,PUT,/health/intake/appointments/{appointmentId}/draft,intakeSaveDraft,Intake
intake.openapi.yaml,POST,/health/intake/appointments/{appointmentId}/submit,intakeSubmit,Intake
intake.openapi.yaml,POST,/health/intake/appointments/{appointmentId}/attachments/presign,intakePresignAttachment,Intake
intake.openapi.yaml,GET,/health/intake/appointments/{appointmentId}/doctor-summary,intakeGetDoctorSummary,Intake
intake.openapi.yaml,GET,/health/intake/health-profile,intakeGetHealthProfile,Intake
invest.openapi.yaml,GET,/invest/profile,,
invest.openapi.yaml,POST,/invest/start,,
invest.openapi.yaml,GET,/invest/eligibility,,
invest.openapi.yaml,GET,/invest/agreements,,
invest.openapi.yaml,POST,/invest/agreements/accept,,
invest.openapi.yaml,GET,/invest/suitability/questions,,
invest.openapi.yaml,POST,/invest/suitability/submit,,
invest.openapi.yaml,GET,/invest/suitability/result,,
invest.openapi.yaml,GET,/stocks,,
invest.openapi.yaml,GET,/stocks/search,,
invest.openapi.yaml,GET,/stocks/market-status,,
invest.openapi.yaml,GET,/stocks/{symbol},,
invest.openapi.yaml,GET,/stocks/{symbol}/chart,,
invest.openapi.yaml,GET,/stocks/{symbol}/dividends,,
invest.openapi.yaml,GET,/stocks/{symbol}/corporate-actions,,
invest.openapi.yaml,POST,/stocks/orders/buy,,
invest.openapi.yaml,POST,/stocks/orders/sell,,
invest.openapi.yaml,GET,/stocks/orders,,
invest.openapi.yaml,GET,/stocks/orders/{id},,
invest.openapi.yaml,POST,/stocks/orders/{id}/cancel,,
invest.openapi.yaml,GET,/invest/portfolio,,
invest.openapi.yaml,GET,/invest/portfolio/positions,,
invest.openapi.yaml,GET,/invest/portfolio/performance,,
invest.openapi.yaml,GET,/invest/wallet,,
invest.openapi.yaml,POST,/invest/wallet/deposit,,
invest.openapi.yaml,POST,/invest/wallet/withdraw,,
invest.openapi.yaml,GET,/invest/wallet/transactions,,
invest.openapi.yaml,GET,/invest/watchlists,,
invest.openapi.yaml,POST,/invest/watchlists,,
invest.openapi.yaml,PATCH,/invest/watchlists/{id},,
invest.openapi.yaml,DELETE,/invest/watchlists/{id},,
invest.openapi.yaml,POST,/invest/watchlists/{id}/stocks,,
invest.openapi.yaml,DELETE,/invest/watchlists/{id}/stocks/{assetId},,
invest.openapi.yaml,GET,/invest/alerts,,
invest.openapi.yaml,POST,/invest/alerts,,
invest.openapi.yaml,PATCH,/invest/alerts/{id},,
invest.openapi.yaml,DELETE,/invest/alerts/{id},,
invest.openapi.yaml,GET,/invest/public-offers,,
invest.openapi.yaml,GET,/invest/public-offers/applications,,
invest.openapi.yaml,GET,/invest/public-offers/{id},,
invest.openapi.yaml,POST,/invest/public-offers/{id}/apply,,
invest.openapi.yaml,GET,/invest/rights-issues,,
invest.openapi.yaml,GET,/invest/rights-issues/applications,,
invest.openapi.yaml,GET,/invest/rights-issues/{id},,
invest.openapi.yaml,POST,/invest/rights-issues/{id}/accept,,
nutrition.openapi.yaml,GET,/nutrition/dishes/{dishId},nutritionGetDishProfile,Nutrition
nutrition.openapi.yaml,POST,/nutrition/dishes/{dishId}/recipe,nutritionDeclareRecipe,Nutrition
nutrition.openapi.yaml,POST,/nutrition/dishes/{dishId}/approve,nutritionApproveDish,Nutrition
nutrition.openapi.yaml,POST,/nutrition/dishes/{dishId}/edit,nutritionEditDish,Nutrition
nutrition.openapi.yaml,POST,/nutrition/dishes/{dishId}/allergens,nutritionAttestAllergen,Nutrition
nutrition.openapi.yaml,GET,/nutrition/cart/summary,nutritionCartSummary,Nutrition
nutrition.openapi.yaml,POST,/nutrition/menus/{menuId}/auto-suggest,nutritionAutoSuggestMenu,Nutrition
nutrition.openapi.yaml,POST,/nutrition/menus/{menuId}/approve-all,nutritionApproveAllMenu,Nutrition
openapi.yaml,POST,/api/auth/reset-password,resetPasswordWithCode,OTP
openapi.yaml,POST,/api/auth/otp/request,requestEmailOTP,OTP
openapi.yaml,POST,/api/auth/otp/verify,verifyEmailOTP,OTP
openapi.yaml,GET,/api/auth/sessions,listMySessions,SessionHardening
openapi.yaml,DELETE,/api/auth/sessions/{id},revokeMySession,SessionHardening
openapi.yaml,POST,/api/auth/sessions/revoke-all,revokeAllMySessions,SessionHardening
openapi.yaml,POST,/api/admin/users/{id}/force-logout,adminForceLogout,SessionHardening
openapi.yaml,POST,/api/admin/users/{id}/force-password-reset,adminForcePasswordReset,SessionHardening
openapi.yaml,GET,/api/admin/users/export,exportAdminUsers,AdminUsers
openapi.yaml,POST,/api/admin/users/bulk-roles,bulkAssignRoleToUsers,AdminUsers
openapi.yaml,POST,/api/admin/users/{id}/roles/bulk,bulkAssignRolesToUser,AdminUsers
openapi.yaml,GET,/api/admin/users/{id}/sessions,getAdminUserSessions,AdminUsers
openapi.yaml,POST,/api/admin/roles/{id}/permissions/bulk,bulkAssignPermissionsToRole,AdminUsers
openapi.yaml,GET,/api/finance/estate/{id}/dues/invoices,estateListInvoices,Estate
openapi.yaml,POST,/api/finance/estate/{id}/dues/invoices,estateCreateInvoice,Estate
openapi.yaml,POST,/api/finance/estate/{id}/dues/invoices/{invoiceId}/pay,estatePayDues,Estate
openapi.yaml,POST,/api/finance/estate/{id}/dues/restrictions,estateApplyRestriction,Estate
openapi.yaml,POST,/api/finance/estate/{id}/dues/restrictions/{residentId}/lift,estateLiftRestriction,Estate
openapi.yaml,GET,/api/finance/estate/{id}/tasks,estateListTasks,Estate
openapi.yaml,POST,/api/finance/estate/{id}/tasks,estateCreateTask,Estate
openapi.yaml,PATCH,/api/finance/estate/{id}/tasks/{taskId}/status,estateUpdateTaskStatus,Estate
openapi.yaml,GET,/api/finance/estate/{id}/repairs,estateListRepairs,Estate
openapi.yaml,POST,/api/finance/estate/{id}/repairs,estateCreateRepair,Estate
openapi.yaml,GET,/api/finance/estate/{id}/repairs/{repairId}/updates,estateListRepairUpdates,Estate
openapi.yaml,POST,/api/finance/estate/{id}/repairs/{repairId}/updates,estateAddRepairUpdate,Estate
openapi.yaml,GET,/api/finance/estate/{id}/facilities,estateListFacilities,Estate
openapi.yaml,POST,/api/finance/estate/{id}/facilities,estateCreateFacility,Estate
openapi.yaml,POST,/api/finance/estate/{id}/facilities/{facilityId}/book,estateBookFacility,Estate
openapi.yaml,GET,/api/finance/estate/{id}/bookings,estateListMyBookings,Estate
openapi.yaml,GET,/api/finance/estate/{id}/announcements,estateListAnnouncements,Estate
openapi.yaml,POST,/api/finance/estate/{id}/announcements,estateCreateAnnouncement,Estate
openapi.yaml,POST,/api/finance/estate/{id}/announcements/{annId}/read,estateMarkAnnouncementRead,Estate
openapi.yaml,GET,/api/finance/estate/{id}/emergencies,estateListEmergencies,Estate
openapi.yaml,POST,/api/finance/estate/{id}/emergencies,estateRaiseEmergency,Estate
openapi.yaml,PATCH,/api/finance/estate/{id}/emergencies/{alertId}/status,estateUpdateEmergencyStatus,Estate
openapi.yaml,GET,/api/finance/estate/{id}/documents,estateListDocuments,Estate
openapi.yaml,POST,/api/finance/estate/{id}/documents,estateCreateDocument,Estate
openapi.yaml,GET,/api/finance/estate/{id}/vendors,estateListVendors,Estate
openapi.yaml,POST,/api/finance/estate/{id}/vendors,estateCreateVendor,Estate
openapi.yaml,POST,/api/finance/estate/{id}/vendors/{vendorId}/verify,estateVerifyVendor,Estate
openapi.yaml,GET,/api/finance/estate/{id}/finance/dashboard,estateFinanceDashboard,Estate
openapi.yaml,GET,/api/finance/estate/{id}/notifications,estateNotifications,Estate
openapi.yaml,GET,/api/finance/estate/{id}/reports,estateReport,Estate
openapi.yaml,GET,/api/finance/property/context,propertyGetContext,Property
openapi.yaml,POST,/api/finance/property/context/switch,propertySwitchContext,Property
openapi.yaml,GET,/api/finance/property/rent-passport/me,propertyGetMyRentPassport,Property
openapi.yaml,GET,/api/finance/property/rent-passport/lookup/{userId},propertyLookupRentPassport,Property
openapi.yaml,GET,/api/realtor/admin/overview,realtorAdminOverview,RealtorAdmin
openapi.yaml,GET,/api/realtor/admin/listings/pending,realtorAdminPendingListings,RealtorAdmin
openapi.yaml,POST,/api/realtor/admin/listings/{id}/decision,realtorAdminDecideListing,RealtorAdmin
openapi.yaml,GET,/api/realtor/admin/verifications,realtorAdminPendingVerifications,RealtorAdmin
openapi.yaml,POST,/api/realtor/admin/verifications/{id}/decision,realtorAdminDecideVerification,RealtorAdmin
openapi.yaml,GET,/api/realtor/admin/payments,realtorAdminPayments,RealtorAdmin
openapi.yaml,GET,/api/realtor/admin/escrow,realtorAdminEscrow,RealtorAdmin
openapi.yaml,POST,/api/realtor/admin/escrow/{id}/resolve,realtorAdminResolveEscrow,RealtorAdmin
openapi.yaml,GET,/api/finance/maps/basemap,mapsGetBasemap,Maps
openapi.yaml,POST,/api/finance/maps/geocode,mapsGeocode,Maps
openapi.yaml,POST,/api/finance/maps/reverse,mapsReverseGeocode,Maps
openapi.yaml,POST,/api/finance/maps/autocomplete,mapsAutocomplete,Maps
openapi.yaml,POST,/api/finance/maps/places,mapsSearchPlaces,Maps
openapi.yaml,POST,/api/finance/maps/route,mapsGetRoute,Maps
openapi.yaml,POST,/api/finance/maps/matrix,mapsGetDistanceMatrix,Maps
openapi.yaml,POST,/api/finance/maps/match,mapsMatchToRoad,Maps
openapi.yaml,TRACE,/api/finance/maps/match,,
openapi.yaml,POST,/api/finance/maps/nearby,mapsFindNearbyOwn,Maps
openapi.yaml,POST,/api/finance/maps/in-zone,mapsIsInZone,Maps
openapi.yaml,POST,/api/finance/maps/locations,mapsUpsertLocation,Maps
openapi.yaml,GET,/api/finance/maps/usage,mapsUsage,Maps
openapi.yaml,GET,/api/finance/maps/metrics,mapsMetrics,Maps
openapi.yaml,GET,/api/finance/mobility/ws,mobilityTripWS,Mobility
openapi.yaml,GET,/api/finance/mobility/public/track/{token},mobilityResolveShare,Mobility
openapi.yaml,POST,/api/finance/mobility/trips/{id}/track,mobilityTrackPosition,Mobility
openapi.yaml,GET,/api/finance/placement/zones,placementListZones,Placement
openapi.yaml,POST,/api/finance/placement/campaigns,placementCreateCampaign,Placement
openapi.yaml,GET,/api/finance/placement/campaigns,placementListCampaigns,Placement
openapi.yaml,GET,/api/finance/placement/campaigns/{id},placementGetCampaign,Placement
openapi.yaml,POST,/api/finance/placement/campaigns/{id}/quote,placementQuoteCampaign,Placement
openapi.yaml,POST,/api/finance/placement/campaigns/{id}/submit,placementSubmitCampaign,Placement
openapi.yaml,POST,/api/finance/placement/campaigns/{id}/pay,placementPayCampaign,Placement
openapi.yaml,POST,/api/finance/placement/campaigns/{id}/cancel,placementCancelCampaign,Placement
openapi.yaml,POST,/api/finance/placement/campaigns/{id}/pause,placementPauseCampaign,Placement
openapi.yaml,POST,/api/finance/placement/campaigns/{id}/resume,placementResumeCampaign,Placement
openapi.yaml,GET,/api/finance/placement/campaigns/{id}/analytics,placementCampaignAnalytics,Placement
openapi.yaml,GET,/api/placement/admin/review-queue,placementAdminReviewQueue,Placement
openapi.yaml,GET,/api/placement/admin/campaigns/{id},placementAdminGetCampaign,Placement
openapi.yaml,POST,/api/placement/admin/campaigns/{id}/approve,placementAdminApprove,Placement
openapi.yaml,POST,/api/placement/admin/campaigns/{id}/reject,placementAdminReject,Placement
openapi.yaml,POST,/api/placement/admin/campaigns/{id}/request-info,placementAdminRequestInfo,Placement
openapi.yaml,POST,/api/placement/admin/campaigns/{id}/suspend,placementAdminSuspend,Placement
openapi.yaml,GET,/api/finance/placement/landing,placementGetLanding,Placement
openapi.yaml,POST,/api/finance/placement/events,placementIngestEvents,Placement
openapi.yaml,GET,/api/finance/nutrition/dishes/{dishId},nutritionGetDishProfile,Nutrition
openapi.yaml,POST,/api/finance/nutrition/dishes/{dishId}/recipe,nutritionDeclareRecipe,Nutrition
openapi.yaml,POST,/api/finance/nutrition/dishes/{dishId}/approve,nutritionApproveDish,Nutrition
openapi.yaml,POST,/api/finance/nutrition/dishes/{dishId}/edit,nutritionEditDish,Nutrition
openapi.yaml,POST,/api/finance/nutrition/dishes/{dishId}/allergens,nutritionAttestAllergen,Nutrition
openapi.yaml,GET,/api/finance/nutrition/cart/summary,nutritionCartSummary,Nutrition
openapi.yaml,POST,/api/finance/nutrition/menus/{menuId}/auto-suggest,nutritionAutoSuggestMenu,Nutrition
openapi.yaml,POST,/api/finance/nutrition/menus/{menuId}/approve-all,nutritionApproveAllMenu,Nutrition
openapi.yaml,POST,/api/nutrition/admin/composition,nutritionAdminUpsertComposition,Nutrition
openapi.yaml,POST,/api/nutrition/admin/library,nutritionAdminUpsertLibrary,Nutrition
openapi.yaml,POST,/api/nutrition/admin/reresolve,nutritionAdminReresolve,Nutrition
openapi.yaml,POST,/api/nutrition/admin/resolve,nutritionAdminResolve,Nutrition
openapi.yaml,POST,/api/v1/fx/quotes,fxCreateQuote,FX Orchestration
openapi.yaml,POST,/api/v1/fx/quotes/{id}/lock,fxLockQuote,FX Orchestration
openapi.yaml,POST,/api/v1/fx/conversions,fxCreateConversion,FX Orchestration
openapi.yaml,POST,/api/v1/fx/transfers,fxCreateTransfer,FX Orchestration
openapi.yaml,GET,/api/v1/fx/collections/virtual-accounts,fxListVirtualAccounts,FX Orchestration
openapi.yaml,POST,/api/v1/fx/collections/virtual-accounts,fxCreateCollection,FX Orchestration
openapi.yaml,GET,/api/v1/fx/rates,fxGetRates,FX Orchestration
openapi.yaml,GET,/api/v1/fx/balances,fxGetBalances,FX Orchestration
openapi.yaml,POST,/api/v1/fx/balances,fxAddWallet,FX Orchestration
openapi.yaml,POST,/api/v1/fx/webhooks/{provider},fxProviderWebhook,FX Orchestration
openapi.yaml,GET,/api/v1/fx/transactions,fxListTransactions,FX Orchestration
openapi.yaml,GET,/api/v1/fx/transactions/{id},fxGetTransaction,FX Orchestration
openapi.yaml,POST,/api/v1/fx/transactions/{id}/dispute,fxDisputeTransaction,FX Orchestration
openapi.yaml,GET,/api/v1/fx/rates/history,fxGetRateHistory,FX Orchestration
openapi.yaml,GET,/api/v1/fx/transfers/{reference},fxGetTransferByReference,FX Orchestration
openapi.yaml,GET,/api/v1/fx/collections,fxListCollections,FX Orchestration
openapi.yaml,GET,/api/v1/fx/beneficiaries,fxListBeneficiaries,FX Orchestration
openapi.yaml,POST,/api/v1/fx/beneficiaries,fxCreateBeneficiary,FX Orchestration
openapi.yaml,POST,/api/v1/fx/beneficiaries/validate,fxValidateBeneficiary,FX Orchestration
openapi.yaml,PUT,/api/v1/fx/beneficiaries/{id},fxUpdateBeneficiary,FX Orchestration
openapi.yaml,PATCH,/api/v1/fx/beneficiaries/{id},fxFavoriteBeneficiary,FX Orchestration
openapi.yaml,DELETE,/api/v1/fx/beneficiaries/{id},fxDeleteBeneficiary,FX Orchestration
openapi.yaml,GET,/api/v1/fx/rate-alerts,fxListRateAlerts,FX Orchestration
openapi.yaml,POST,/api/v1/fx/rate-alerts,fxCreateRateAlert,FX Orchestration
openapi.yaml,DELETE,/api/v1/fx/rate-alerts/{id},fxDeleteRateAlert,FX Orchestration
openapi.yaml,GET,/api/v1/fx/cards,fxListCards,FX Cards
openapi.yaml,POST,/api/v1/fx/cards,fxCreateCard,FX Cards
openapi.yaml,GET,/api/v1/fx/cards/{id},fxGetCard,FX Cards
openapi.yaml,POST,/api/v1/fx/cards/{id}/reveal,fxRevealCard,FX Cards
openapi.yaml,POST,/api/v1/fx/cards/{id}/fund,fxFundCard,FX Cards
openapi.yaml,POST,/api/v1/fx/cards/{id}/freeze,fxFreezeCard,FX Cards
openapi.yaml,POST,/api/v1/fx/cards/{id}/unfreeze,fxUnfreezeCard,FX Cards
openapi.yaml,POST,/api/v1/fx/cards/{id}/terminate,fxTerminateCard,FX Cards
openapi.yaml,PATCH,/api/v1/fx/cards/{id}/controls,fxUpdateCardControls,FX Cards
openapi.yaml,GET,/api/v1/fx/cards/{id}/transactions,fxListCardTransactions,FX Cards
openapi.yaml,GET,/api/v1/onboarding/modules,listOnboardingModules,Onboarding
openapi.yaml,GET,/api/v1/onboarding/modules/{id}/merchant-types,listMerchantTypes,Onboarding
openapi.yaml,GET,/api/v1/onboarding/merchant-types/{id},getMerchantType,Onboarding
openapi.yaml,GET,/api/v1/onboarding/form-schemas/{id},getFormSchema,Onboarding
openapi.yaml,POST,/api/v1/onboarding/applications,createOnboardingApplication,Onboarding
openapi.yaml,GET,/api/v1/onboarding/applications/{id},getOnboardingApplication,Onboarding
openapi.yaml,PATCH,/api/v1/onboarding/applications/{id},saveOnboardingDraft,Onboarding
openapi.yaml,POST,/api/v1/onboarding/applications/{id}/submit,submitOnboardingApplication,Onboarding
openapi.yaml,POST,/api/v1/onboarding/applications/{id}/resubmit,resubmitOnboardingApplication,Onboarding
openapi.yaml,GET,/api/v1/me/capabilities,getMyCapabilities,Onboarding
openapi.yaml,GET,/api/admin/onboarding/review-queue,getReviewQueue,Onboarding Admin
openapi.yaml,POST,/api/admin/onboarding/applications/{id}/approve,approveApplication,Onboarding Admin
openapi.yaml,POST,/api/admin/onboarding/applications/{id}/reject,rejectApplication,Onboarding Admin
openapi.yaml,POST,/api/admin/onboarding/applications/{id}/request-info,requestMoreInfo,Onboarding Admin
openapi.yaml,GET,/kyc/me,getMyKyc,KYC
openapi.yaml,GET,/me/tier,getMyTierAllowance,KYC
openapi.yaml,POST,/kyc/initiate,initiateKyc,KYC
placement.openapi.yaml,GET,/placement/zones,placementListZones,Placement
placement.openapi.yaml,GET,/placement/campaigns,placementListCampaigns,Placement
placement.openapi.yaml,POST,/placement/campaigns,placementCreateCampaign,Placement
placement.openapi.yaml,GET,/placement/campaigns/{id},placementGetCampaign,Placement
placement.openapi.yaml,POST,/placement/campaigns/{id}/quote,placementQuoteCampaign,Placement
placement.openapi.yaml,POST,/placement/campaigns/{id}/submit,placementSubmitCampaign,Placement
placement.openapi.yaml,POST,/placement/campaigns/{id}/pay,placementPayCampaign,Placement
placement.openapi.yaml,POST,/placement/campaigns/{id}/cancel,placementCancelCampaign,Placement
placement.openapi.yaml,POST,/placement/campaigns/{id}/pause,placementPauseCampaign,Placement
placement.openapi.yaml,POST,/placement/campaigns/{id}/resume,placementResumeCampaign,Placement
placement.openapi.yaml,GET,/placement/campaigns/{id}/analytics,placementCampaignAnalytics,Placement
placement.openapi.yaml,GET,/placement/admin/review-queue,placementAdminReviewQueue,PlacementAdmin
placement.openapi.yaml,GET,/placement/admin/campaigns/{id},placementAdminGetCampaign,PlacementAdmin
placement.openapi.yaml,POST,/placement/admin/campaigns/{id}/approve,placementAdminApprove,PlacementAdmin
placement.openapi.yaml,POST,/placement/admin/campaigns/{id}/reject,placementAdminReject,PlacementAdmin
placement.openapi.yaml,POST,/placement/admin/campaigns/{id}/request-info,placementAdminRequestInfo,PlacementAdmin
placement.openapi.yaml,POST,/placement/admin/campaigns/{id}/suspend,placementAdminSuspend,PlacementAdmin
placement.openapi.yaml,GET,/landing/placements,placementGetLanding,PlacementServing
placement.openapi.yaml,POST,/placement/events,placementIngestEvents,PlacementServing
property.openapi.yaml,GET,/property/context,getPropertyContext,PropertyContext
property.openapi.yaml,POST,/property/context/switch,switchPropertyContext,PropertyContext
property.openapi.yaml,GET,/property/rent-passport/me,getMyRentPassport,RentPassport
property.openapi.yaml,GET,/property/rent-passport/lookup/{userId},lookupRentPassport,RentPassport
property.openapi.yaml,GET,/realtor/stays/{bookingId}/gate-pass,getStayGatePass,RealtorStays
restaurant.openapi.yaml,POST,/,,restaurant
restaurant.openapi.yaml,GET,/,,customer
restaurant.openapi.yaml,GET,/{id},,customer
restaurant.openapi.yaml,PATCH,/{id},,restaurant
restaurant.openapi.yaml,PATCH,/{id}/availability,,restaurant
restaurant.openapi.yaml,GET,/mine,,restaurant
restaurant.openapi.yaml,GET,/earnings,,restaurant
restaurant.openapi.yaml,POST,/{id}/menu/categories,,restaurant
restaurant.openapi.yaml,DELETE,/{id}/menu/categories/{categoryId},,restaurant
restaurant.openapi.yaml,POST,/{id}/menu/items,,restaurant
restaurant.openapi.yaml,PATCH,/{id}/menu/items/{itemId},,restaurant
restaurant.openapi.yaml,DELETE,/{id}/menu/items/{itemId},,restaurant
restaurant.openapi.yaml,POST,/{id}/orders,,customer
restaurant.openapi.yaml,GET,/orders/{orderId},,customer|restaurant|rider
restaurant.openapi.yaml,GET,/orders,,customer|restaurant|rider
restaurant.openapi.yaml,PATCH,/{id}/orders/{orderId}/status,,restaurant
restaurant.openapi.yaml,DELETE,/{id}/orders/{orderId},,customer|restaurant
restaurant.openapi.yaml,POST,/orders/{orderId}/assign,,rider|restaurant
restaurant.openapi.yaml,POST,/orders/{orderId}/accept,,rider
restaurant.openapi.yaml,POST,/orders/{orderId}/location,,rider
restaurant.openapi.yaml,GET,/rider/offers,,rider
restaurant.openapi.yaml,GET,/rider/active,,rider
restaurant.openapi.yaml,GET,/orders/{orderId}/messages,,customer|restaurant|rider
restaurant.openapi.yaml,POST,/orders/{orderId}/messages,,customer|restaurant|rider
restaurant.openapi.yaml,POST,/orders/{orderId}/rate,,customer
restaurant.openapi.yaml,GET,/orders/{orderId}/ws,,customer|restaurant|rider
restaurant.openapi.yaml,GET,/restaurants,,admin
restaurant.openapi.yaml,GET,/admin/orders,,admin
restaurant.openapi.yaml,GET,/admin/riders,,admin
restaurant.openapi.yaml,GET,/admin/dispatch/queue,,admin
restaurant.openapi.yaml,POST,/admin/orders/{id}/dispatch,,admin
transfers.openapi.yaml,GET,/transfers/banks,transfersListBanks,Transfers
transfers.openapi.yaml,POST,/transfers/resolve-account,transfersResolveAccount,Transfers
transfers.openapi.yaml,POST,/transfers/bank,transfersBankPayout,Transfers
transfers.openapi.yaml,POST,/transfers/bank-to-bank,transfersBankToBank,Transfers
transfers.openapi.yaml,GET,/transfers/beneficiaries,transfersListBeneficiaries,Transfers
transfers.openapi.yaml,POST,/transfers/beneficiaries,transfersCreateBeneficiary,Transfers
transfers.openapi.yaml,DELETE,/transfers/beneficiaries/{id},transfersDeleteBeneficiary,Transfers
transfers.openapi.yaml,GET,/transfers/pin/status,transfersPinStatus,Transfers
transfers.openapi.yaml,POST,/transfers/pin,transfersSetPin,Transfers
transfers.openapi.yaml,POST,/transfers/pin/verify,transfersVerifyPin,Transfers
transport.openapi.yaml,GET,/mobility/ws,,mobility-customer
transport.openapi.yaml,POST,/mobility/trips/{id}/track,,mobility-customer
transport.openapi.yaml,GET,/mobility/home,,mobility-customer
transport.openapi.yaml,GET,/mobility/config/pricing,,mobility-customer
transport.openapi.yaml,POST,/mobility/rides/estimate,,mobility-customer
transport.openapi.yaml,POST,/mobility/rides/request,,mobility-customer
transport.openapi.yaml,GET,/mobility/rides/active,,mobility-customer
transport.openapi.yaml,POST,/mobility/rides/{id}/offer,,mobility-customer
transport.openapi.yaml,POST,/mobility/rides/{id}/accept-counter,,mobility-customer
transport.openapi.yaml,POST,/mobility/rides/{id}/cancel,,mobility-customer
transport.openapi.yaml,GET,/mobility/rides/{id},,mobility-customer
transport.openapi.yaml,POST,/mobility/rides/{id}/share,,mobility-customer
transport.openapi.yaml,POST,/mobility/rides/{id}/sos,,mobility-customer
transport.openapi.yaml,POST,/mobility/rides/{id}/rate,,mobility-customer
transport.openapi.yaml,POST,/mobility/parcel/{id}/rate,,mobility-customer
transport.openapi.yaml,POST,/mobility/towing/{id}/rate,,mobility-customer
transport.openapi.yaml,POST,/mobility/movers/{id}/rate,,mobility-customer
transport.openapi.yaml,GET,/mobility/bus/schedules/{id}/seats,,mobility-customer
transport.openapi.yaml,GET,/mobility/history,,mobility-customer
transport.openapi.yaml,GET,/mobility/profile,,mobility-customer
transport.openapi.yaml,PUT,/mobility/profile,,mobility-customer
transport.openapi.yaml,GET,/mobility/trusted-contacts,,mobility-customer
transport.openapi.yaml,POST,/mobility/trusted-contacts,,mobility-customer
transport.openapi.yaml,DELETE,/mobility/trusted-contacts/{id},,mobility-customer
transport.openapi.yaml,POST,/driver/onboarding/submit,,mobility-driver
transport.openapi.yaml,POST,/driver/documents,,mobility-driver
transport.openapi.yaml,POST,/driver/vehicle,,mobility-driver
transport.openapi.yaml,GET,/driver/me,,mobility-driver
transport.openapi.yaml,PATCH,/driver/status,,mobility-driver
transport.openapi.yaml,GET,/driver/requests,,mobility-driver
transport.openapi.yaml,POST,/driver/requests/{id}/accept,,mobility-driver
transport.openapi.yaml,POST,/driver/requests/{id}/counter,,mobility-driver
transport.openapi.yaml,POST,/driver/trips/{id}/arrive,,mobility-driver
transport.openapi.yaml,POST,/driver/trips/{id}/verify-pin,,mobility-driver
transport.openapi.yaml,POST,/driver/trips/{id}/start,,mobility-driver
transport.openapi.yaml,POST,/driver/trips/{id}/complete,,mobility-driver
transport.openapi.yaml,GET,/driver/earnings,,mobility-driver
transport.openapi.yaml,POST,/driver/sos,,mobility-driver
transport.openapi.yaml,GET,/admin/transport/dashboard,,
transport.openapi.yaml,GET,/admin/transport/drivers,,
transport.openapi.yaml,GET,/admin/transport/drivers/{id},,mobility-admin
transport.openapi.yaml,PATCH,/admin/transport/drivers/{id}/verification,,mobility-admin
transport.openapi.yaml,GET,/admin/transport/vehicles,,
transport.openapi.yaml,PATCH,/admin/transport/vehicles/{id}/status,,mobility-admin
transport.openapi.yaml,GET,/admin/transport/trips,,
transport.openapi.yaml,GET,/admin/transport/dispatch/live,,
transport.openapi.yaml,POST,/admin/transport/dispatch/{trip_id}/assign,,mobility-admin
transport.openapi.yaml,GET,/admin/transport/pricing,,
transport.openapi.yaml,PATCH,/admin/transport/pricing,,
transport.openapi.yaml,GET,/admin/transport/commission,,
transport.openapi.yaml,PATCH,/admin/transport/commission/{tier},,mobility-admin
transport.openapi.yaml,GET,/admin/transport/safety/incidents,,
transport.openapi.yaml,PATCH,/admin/transport/safety/incidents/{id},,mobility-admin
transport.openapi.yaml,GET,/admin/transport/reports/summary,,
transport.openapi.yaml,GET,/admin/transport/audit,,
transport.openapi.yaml,POST,/mobility/car-hire/quote,,car-hire
transport.openapi.yaml,POST,/mobility/car-hire/book,,car-hire
transport.openapi.yaml,GET,/mobility/car-hire,,car-hire
transport.openapi.yaml,GET,/mobility/car-hire/{id},,car-hire
transport.openapi.yaml,POST,/mobility/car-hire/{id}/activate,,car-hire
transport.openapi.yaml,POST,/mobility/car-hire/{id}/extend,,car-hire
transport.openapi.yaml,POST,/mobility/car-hire/{id}/complete,,car-hire
transport.openapi.yaml,POST,/mobility/car-hire/{id}/cancel,,car-hire
transport.openapi.yaml,POST,/mobility/parcels/estimate,,parcel
transport.openapi.yaml,POST,/mobility/parcels,,parcel
transport.openapi.yaml,GET,/mobility/parcels,,parcel
transport.openapi.yaml,GET,/mobility/parcels/{id},,parcel
transport.openapi.yaml,POST,/mobility/parcels/{id}/cancel,,parcel
transport.openapi.yaml,GET,/driver/parcels/requests,,parcel
transport.openapi.yaml,POST,/driver/parcels/{id}/accept,,parcel
transport.openapi.yaml,POST,/driver/parcels/{id}/verify-pickup-pin,,parcel
transport.openapi.yaml,POST,/driver/parcels/{id}/picked-up,,parcel
transport.openapi.yaml,POST,/driver/parcels/{id}/verify-dropoff,,parcel
transport.openapi.yaml,GET,/mobility/bus/routes,,bus
transport.openapi.yaml,GET,/mobility/bus/schedules,,bus
transport.openapi.yaml,POST,/mobility/bus/book,,bus
transport.openapi.yaml,GET,/mobility/bus/tickets,,bus
transport.openapi.yaml,POST,/mobility/bus/tickets/{id}/cancel,,bus
transport.openapi.yaml,POST,/driver/bus/validate,,bus
transport.openapi.yaml,POST,/mobility/towing/estimate,,towing
transport.openapi.yaml,POST,/mobility/towing,,towing
transport.openapi.yaml,GET,/mobility/towing,,towing
transport.openapi.yaml,GET,/mobility/towing/{id},,towing
transport.openapi.yaml,POST,/mobility/towing/{id}/cancel,,towing
transport.openapi.yaml,GET,/driver/towing/requests,,towing
transport.openapi.yaml,POST,/driver/towing/{id}/accept,,towing
transport.openapi.yaml,POST,/driver/towing/{id}/en-route,,towing
transport.openapi.yaml,POST,/driver/towing/{id}/verify-pin,,towing
transport.openapi.yaml,POST,/driver/towing/{id}/start,,towing
transport.openapi.yaml,POST,/driver/towing/{id}/complete,,towing
transport.openapi.yaml,POST,/mobility/movers/quote,,movers
transport.openapi.yaml,GET,/mobility/movers/{id},,movers
transport.openapi.yaml,POST,/mobility/movers/{id}/accept-bid,,movers
transport.openapi.yaml,POST,/mobility/movers/{id}/confirm-completion,,movers
transport.openapi.yaml,POST,/mobility/movers/{id}/cancel,,movers
transport.openapi.yaml,GET,/driver/movers/open,,movers
transport.openapi.yaml,POST,/driver/movers/{id}/bid,,movers
transport.openapi.yaml,POST,/driver/movers/{id}/start,,movers
transport.openapi.yaml,POST,/driver/movers/{id}/complete,,movers
transport.openapi.yaml,GET,/mobility/events/transport,,event-transport
transport.openapi.yaml,POST,/mobility/events/transport,,event-transport
transport.openapi.yaml,GET,/mobility/events/transport/{id},,event-transport
transport.openapi.yaml,POST,/mobility/events/transport/{id}/book,,event-transport
transport.openapi.yaml,GET,/mobility/events/bookings,,event-transport
transport.openapi.yaml,POST,/mobility/events/bookings/{id}/cancel,,event-transport
transport.openapi.yaml,POST,/driver/events/validate,,event-transport
transport.openapi.yaml,POST,/mobility/business/accounts,,business-logistics
transport.openapi.yaml,GET,/mobility/business/accounts/me,,business-logistics
transport.openapi.yaml,POST,/mobility/business/deliveries,,business-logistics
transport.openapi.yaml,GET,/mobility/business/deliveries,,business-logistics
transport.openapi.yaml,GET,/mobility/business/deliveries/{id},,business-logistics
transport.openapi.yaml,POST,/mobility/business/deliveries/{id}/cancel,,business-logistics
transport.openapi.yaml,POST,/mobility/business/batches,,business-logistics
transport.openapi.yaml,GET,/mobility/business/batches,,business-logistics
transport.openapi.yaml,GET,/mobility/business/batches/{id},,business-logistics
transport.openapi.yaml,GET,/mobility/business/invoices,,business-logistics
transport.openapi.yaml,GET,/mobility/business/analytics,,business-logistics
transport.openapi.yaml,GET,/driver/business/requests,,business-logistics
transport.openapi.yaml,POST,/driver/business/{id}/accept,,business-logistics
transport.openapi.yaml,POST,/driver/business/{id}/picked-up,,business-logistics
transport.openapi.yaml,POST,/driver/business/{id}/deliver,,business-logistics
transport.openapi.yaml,POST,/driver/business/{id}/fail,,business-logistics
transport.openapi.yaml,GET,/admin/transport/parcels,,
transport.openapi.yaml,PATCH,/admin/transport/parcels/{id}/status,,mobility-admin
transport.openapi.yaml,GET,/admin/transport/bus/routes,,
transport.openapi.yaml,POST,/admin/transport/bus/routes,,
transport.openapi.yaml,POST,/admin/transport/bus/schedules,,
transport.openapi.yaml,POST,/admin/transport/bus/schedules/{id}/approve-fare,,mobility-admin
transport.openapi.yaml,GET,/admin/transport/bus/manifest,,
transport.openapi.yaml,GET,/admin/transport/towing,,
transport.openapi.yaml,PATCH,/admin/transport/towing/{id}/status,,mobility-admin
transport.openapi.yaml,GET,/admin/transport/movers,,
transport.openapi.yaml,PATCH,/admin/transport/movers/{id}/status,,mobility-admin
transport.openapi.yaml,GET,/admin/transport/car-hire,,
transport.openapi.yaml,PATCH,/admin/transport/car-hire/{id}/status,,mobility-admin
transport.openapi.yaml,GET,/admin/transport/business/accounts,,
transport.openapi.yaml,PATCH,/admin/transport/business/accounts/{id}/status,,mobility-admin
transport.openapi.yaml,GET,/admin/transport/business/deliveries,,
transport.openapi.yaml,PATCH,/admin/transport/business/deliveries/{id}/status,,mobility-admin
transport.openapi.yaml,GET,/admin/transport/business/invoices,,
transport.openapi.yaml,POST,/admin/transport/business/invoices/{id}/issue,,mobility-admin
transport.openapi.yaml,POST,/admin/transport/business/invoices/{id}/mark-paid,,mobility-admin
transport.openapi.yaml,GET,/admin/transport/events/offers,,
transport.openapi.yaml,PATCH,/admin/transport/events/offers/{id}/status,,mobility-admin
transport.openapi.yaml,GET,/admin/transport/events/bookings,,
visitor.openapi.yaml,GET,/visitor/restriction,,Visitor — Resident
visitor.openapi.yaml,POST,/visitor/restriction/proof,,Visitor — Resident
visitor.openapi.yaml,POST,/visitor/restriction/appeal,,Visitor — Resident
visitor.openapi.yaml,GET,/visitor/codes,,Visitor — Resident
visitor.openapi.yaml,POST,/visitor/codes,,Visitor — Resident
visitor.openapi.yaml,GET,/visitor/codes/{id},,Visitor — Resident
visitor.openapi.yaml,POST,/visitor/codes/{id}/revoke,,Visitor — Resident
visitor.openapi.yaml,POST,/visitor/codes/{id}/extend,,Visitor — Resident
visitor.openapi.yaml,POST,/visitor/codes/{id}/share,,Visitor — Resident
visitor.openapi.yaml,POST,/visitor/codes/event,,Visitor — Resident
visitor.openapi.yaml,GET,/visitor/codes/{id}/attendance,,Visitor — Guard
visitor.openapi.yaml,POST,/visitor/codes/{id}/arrival,,Visitor — Guard
visitor.openapi.yaml,POST,/visitor/codes/{id}/exit,,Visitor — Guard
visitor.openapi.yaml,GET,/visitor/history,,Visitor — Resident
visitor.openapi.yaml,GET,/visitor/notifications,,Visitor — Resident
visitor.openapi.yaml,GET,/visitor/notifications/unread-count,,Visitor — Resident
visitor.openapi.yaml,POST,/visitor/notifications/read-all,,Visitor — Resident
visitor.openapi.yaml,POST,/visitor/notifications/{id}/read,,Visitor — Resident
visitor.openapi.yaml,GET,/visitor/gate/session,,
visitor.openapi.yaml,GET,/visitor/gate/expected,,
visitor.openapi.yaml,GET,/visitor/gate/log,,
visitor.openapi.yaml,GET,/visitor/gate/vehicles,,
visitor.openapi.yaml,GET,/visitor/gate/open-visits,,
visitor.openapi.yaml,GET,/visitor/gate/open-visits/count,,
visitor.openapi.yaml,GET,/visitor/gate/overstays,,
visitor.openapi.yaml,GET,/visitor/gate/pending-sync-count,,
visitor.openapi.yaml,POST,/visitor/gate/sync,,Visitor — Guard
visitor.openapi.yaml,GET,/visitor/gate/lookup,,Visitor — Guard
visitor.openapi.yaml,POST,/visitor/gate/approve,,Visitor — Guard
visitor.openapi.yaml,POST,/visitor/gate/deny,,Visitor — Guard
visitor.openapi.yaml,POST,/visitor/gate/checkout,,Visitor — Guard
visitor.openapi.yaml,POST,/visitor/gate/walkin,,Visitor — Guard
visitor.openapi.yaml,POST,/visitor/gate/handover,,Visitor — Guard
visitor.openapi.yaml,GET,/visitor/blacklist,,
visitor.openapi.yaml,POST,/visitor/blacklist,,Visitor — Admin
visitor.openapi.yaml,DELETE,/visitor/blacklist/{id},,Visitor — Admin
visitor.openapi.yaml,GET,/visitor/incidents,,
visitor.openapi.yaml,POST,/visitor/incidents,,Visitor — Guard
visitor.openapi.yaml,GET,/visitor/analytics,,
visitor.openapi.yaml,GET,/visitor/search,,Visitor — Guard
visitor.openapi.yaml,GET,/elections,,
visitor.openapi.yaml,POST,/elections,,Election
visitor.openapi.yaml,GET,/elections/active,,Election
visitor.openapi.yaml,GET,/elections/{id},,Election
visitor.openapi.yaml,GET,/elections/{id}/eligibility,,Election
visitor.openapi.yaml,GET,/elections/{id}/ballot,,Election
visitor.openapi.yaml,POST,/elections/{id}/vote,,Election
visitor.openapi.yaml,POST,/elections/{id}/publish,,Election
visitor.openapi.yaml,POST,/notifications/push-token,,Notifications
voting.openapi.yaml,POST,/v2/votes/wallet,,
voting.openapi.yaml,POST,/votes/paid/wallet,,
voting.openapi.yaml,POST,/open-mic/votes/pay/initiate,,
voting.openapi.yaml,POST,/open-mic/votes/pay/verify,,
voting.openapi.yaml,POST,/admin/voting/votes/{voteId}/reverse,,
voting.openapi.yaml,POST,/v1/connect/contests/{id}/stages/{stageNum}/evict,,
voting.openapi.yaml,POST,/v1/connect/contests/{id}/save,,
voting.openapi.yaml,POST,/v1/connect/contests/{id}/extend-grace-period,,
voting.openapi.yaml,POST,/v1/connect/contests/{id}/stages/{stageNum}/finalize-evictions,,
voting.openapi.yaml,GET,/v1/connect/contests/{id}/stages/{stageNum}/contestants,,
voting.openapi.yaml,GET,/v1/connect/contests/{id}/evictions,,
voting.openapi.yaml,POST,/v1/connect/contests/{id}/admin-vote,,
voting.openapi.yaml,POST,/v1/connect/contestants/{id}/like,,
voting.openapi.yaml,DELETE,/v1/connect/contestants/{id}/like,,
voting.openapi.yaml,POST,/v1/connect/contestants/{id}/share,,
voting.openapi.yaml,GET,/v1/connect/share/{token},,
