screen_route,api_path_called,call_site_file
/academy/analytics,/api/academy/admin/mock-exams,frontend-web/src/lib/api/mockExamClient.ts
/academy/analytics,/api/v1/academy/mock-exams,frontend-web/src/lib/api/mockExamClient.ts
/apply,/api/registration/applications,frontend-web/src/components/spotlight/site/Season2ApplicationForm.tsx
/apply/[slug],/api/academy/application-fee/initiate,frontend-web/app/film-academy/apply/page.tsx
/apply/[slug],/api/academy/apply,frontend-web/app/film-academy/apply/page.tsx
/apply/[slug],/api/registration/applications,frontend-web/components/forms/ContestRegistrationWizard.tsx
/apply/[slug],/api/registration/applications,frontend-web/components/forms/RealityTvShowApplicationWizard.tsx
/apply/[slug],/api/registration/contests,frontend-web/components/forms/ContestRegistrationWizard.tsx
/apply/[slug],/api/registration/uploads,frontend-web/components/forms/ContestRegistrationWizard.tsx
/apply/[slug],/api/registration/uploads,frontend-web/components/forms/RealityTvShowApplicationWizard.tsx
/apply/[slug],/api/stem/applications,frontend-web/components/forms/StemContestApplicationWizard.tsx
/apply/[slug],/api/stem/contests,frontend-web/components/forms/StemContestApplicationWizard.tsx
/apply/[slug],/api/stem/schools?status=verified,frontend-web/components/forms/StemContestApplicationWizard.tsx
/apply/open-mic-competition,/api/admin/open-mic/submissions,frontend-web/src/server/openmic/persistence.ts
/apply/open-mic-competition,/api/open-mic/songs,frontend-web/src/server/openmic/persistence.ts
/contact,/api/contact,frontend-web/src/components/spotlight/ContactPageForm.tsx
/contestant/votes,/api/contestant/votes/summary?contestId=,frontend-web/app/contestant/votes/page.tsx
/contestant/votes,/api/contestant/votes/timeline?contestId=,frontend-web/app/contestant/votes/page.tsx
/contestant/votes,/api/contestants,frontend-web/components/voting/ShareToolkit.tsx
/dashboard/open-mic/[slug],/api/admin/open-mic/submissions,frontend-web/src/server/openmic/persistence.ts
/dashboard/open-mic/[slug],/api/open-mic/songs,frontend-web/src/server/openmic/persistence.ts
/film-academy/apply,/api/academy/application-fee/initiate,frontend-web/app/film-academy/apply/page.tsx
/film-academy/apply,/api/academy/apply,frontend-web/app/film-academy/apply/page.tsx
/film-academy/dashboard,/api/academy/installments,frontend-web/app/film-academy/dashboard/page.tsx
/film-academy/dashboard,/api/academy/installments/pay,frontend-web/app/film-academy/dashboard/page.tsx
/forgot-password,/api/auth/forgot-password,frontend-web/app/forgot-password/page.tsx
/forgot-password,/api/auth/reset-password,frontend-web/app/forgot-password/page.tsx
/login,/api/auth/login,frontend-web/src/features/auth/loginFlow.ts
/login,/api/auth/otp-verify,frontend-web/src/features/auth/loginFlow.ts
/login,/api/auth/register,frontend-web/src/features/auth/loginFlow.ts
/my-applications,/api/me/applications,frontend-web/components/user/MyApplicationsClient.tsx
/open-mic,/api/admin/open-mic/submissions,frontend-web/src/server/openmic/persistence.ts
/open-mic,/api/open-mic/songs,frontend-web/src/server/openmic/persistence.ts
/open-mic/[slug],/api/admin/open-mic/submissions,frontend-web/src/server/openmic/persistence.ts
/open-mic/[slug],/api/open-mic/songs,frontend-web/src/server/openmic/persistence.ts
/open-mic/[slug]/apply,/api/admin/open-mic/submissions,frontend-web/src/server/openmic/persistence.ts
/open-mic/[slug]/apply,/api/open-mic/contests,frontend-web/components/openmic/OpenMicEntryForm.tsx
/open-mic/[slug]/apply,/api/open-mic/songs,frontend-web/src/server/openmic/persistence.ts
/open-mic/[slug]/apply,/api/open-mic/submissions,frontend-web/components/openmic/OpenMicEntryForm.tsx
/open-mic/[slug]/apply,/api/open-mic/uploads/complete,frontend-web/components/openmic/OpenMicEntryForm.tsx
/open-mic/[slug]/apply,/api/open-mic/uploads/presign,frontend-web/components/openmic/OpenMicEntryForm.tsx
/open-mic/[slug]/enter,/api/admin/open-mic/submissions,frontend-web/src/server/openmic/persistence.ts
/open-mic/[slug]/enter,/api/open-mic/contests,frontend-web/components/openmic/OpenMicEntryForm.tsx
/open-mic/[slug]/enter,/api/open-mic/songs,frontend-web/src/server/openmic/persistence.ts
/open-mic/[slug]/enter,/api/open-mic/submissions,frontend-web/components/openmic/OpenMicEntryForm.tsx
/open-mic/[slug]/enter,/api/open-mic/uploads/complete,frontend-web/components/openmic/OpenMicEntryForm.tsx
/open-mic/[slug]/enter,/api/open-mic/uploads/presign,frontend-web/components/openmic/OpenMicEntryForm.tsx
/open-mic/[slug]/entries,/api/admin/open-mic/submissions,frontend-web/src/server/openmic/persistence.ts
/open-mic/[slug]/entries,/api/open-mic/songs,frontend-web/src/server/openmic/persistence.ts
/open-mic/[slug]/entries,/api/open-mic/votes/stream?contestId=,frontend-web/components/openmic/OpenMicEntriesBoard.tsx
/open-mic/[slug]/entry/[artistSlug],/api/admin/open-mic/submissions,frontend-web/src/server/openmic/persistence.ts
/open-mic/[slug]/entry/[artistSlug],/api/open-mic/songs,frontend-web/src/server/openmic/persistence.ts
/open-mic/[slug]/entry/[artistSlug],/api/open-mic/votes/stream?contestId=,frontend-web/components/openmic/OpenMicArtistVotingCard.tsx
/open-mic/[slug]/finale,/api/admin/open-mic/submissions,frontend-web/src/server/openmic/persistence.ts
/open-mic/[slug]/finale,/api/open-mic/songs,frontend-web/src/server/openmic/persistence.ts
/open-mic/dashboard,/api/admin/open-mic/submissions,frontend-web/src/server/openmic/persistence.ts
/open-mic/dashboard,/api/open-mic/songs,frontend-web/src/server/openmic/persistence.ts
/open-mic/profile,/api/open-mic/applications,frontend-web/app/open-mic/profile/page.tsx
/open-mic/profile,/api/open-mic/profile,frontend-web/app/open-mic/profile/page.tsx
/open-mic/profile,/api/open-mic/submissions,frontend-web/app/open-mic/profile/page.tsx
/open-mic/winners,/api/admin/open-mic/submissions,frontend-web/src/server/openmic/persistence.ts
/open-mic/winners,/api/open-mic/songs,frontend-web/src/server/openmic/persistence.ts
/opportunities,/api/opportunities?,frontend-web/components/user/OpportunitiesClient.tsx
/profile,/api/me/profile,frontend-web/components/user/ProfileEditorClient.tsx
/services/paystack/[reference],/api/v1/utility/paystack/verify,frontend-web/src/components/utility/UtilityPaystackStatusClient.tsx
/services/paystack/[reference],/api/v1/utility/transactions,frontend-web/src/components/utility/UtilityPaystackStatusClient.tsx
/sponsor,/api/sponsor-meetings,frontend-web/components/sponsor/SponsorMeetingBookingModal.tsx
/stem/contests,/api/stem/contests,frontend-web/components/stem/StemContestList.tsx
/stem/schools/join,/api/stem/school-join-requests,frontend-web/components/stem/StemSchoolJoinRequestForm.tsx
/stem/schools/join,/api/stem/schools?status=verified,frontend-web/components/stem/StemSchoolJoinRequestForm.tsx
/stem/schools/register,/api/stem/schools,frontend-web/components/stem/StemSchoolRegistrationForm.tsx
/talent-vault,/api/finance/telemedicine/doctors,frontend-web/src/lib/go-backend.ts
/user-dashboard,/api/me,frontend-web/components/user/UserDashboardClient.tsx
/user-dashboard,/api/me/applications,frontend-web/components/user/UserDashboardClient.tsx
/user-dashboard,/api/opportunities,frontend-web/components/user/UserDashboardClient.tsx
/utility,/api/v1/utility/billers?category=,frontend-web/src/components/utility/UtilityPaymentClient.tsx
/utility,/api/v1/utility/categories,frontend-web/src/components/utility/UtilityPaymentClient.tsx
/utility,/api/v1/utility/pay,frontend-web/src/components/utility/UtilityPaymentClient.tsx
/utility,/api/v1/utility/paystack/initiate,frontend-web/src/components/utility/UtilityPaymentClient.tsx
/utility,/api/v1/utility/products?category=,frontend-web/src/components/utility/UtilityPaymentClient.tsx
/utility,/api/v1/utility/transactions?limit=5,frontend-web/src/components/utility/UtilityPaymentClient.tsx
/utility,/api/v1/utility/validate,frontend-web/src/components/utility/UtilityPaymentClient.tsx
/utility/receipt/[id],/api/v1/utility/transactions,frontend-web/src/components/utility/UtilityReceiptClient.tsx
/verify-email,/api/auth/resend-otp,frontend-web/app/verify-email/page.tsx
/verify-email,/api/auth/verify-otp,frontend-web/app/verify-email/page.tsx
/vote-callback,/api/v2/votes/paid/verify,frontend-web/app/vote-callback/page.tsx
/vote-link/[token],/api/v1/connect/share,frontend-web/app/vote-link/[token]/VoteLinkClient.tsx
/vote/[contestSlug]/[contestantSlug],/api/contestants,frontend-web/components/voting/ShareToolkit.tsx
/vote/[contestSlug]/[contestantSlug],/api/v2/votes/free,frontend-web/components/voting/VoteModal.tsx
/vote/[contestSlug]/[contestantSlug],/api/v2/votes/stream?contestId=,frontend-web/app/vote/[contestSlug]/[contestantSlug]/page.tsx
/vote/[contestSlug]/[contestantSlug],/api/vote-page?contestSlug=,frontend-web/app/vote/[contestSlug]/[contestantSlug]/page.tsx
/vote/[contestSlug]/[contestantSlug],/api/votes/paid/initiate,frontend-web/components/voting/VoteModal.tsx
